x,y,z,type
176,35,-256,minecraft:mob_spawner
210,40,-201,minecraft:mob_spawner
214,30,-283,minecraft:mob_spawner
216,30,-281,minecraft:chest
170,11,-226,minecraft:mob_spawner
173,11,-225,minecraft:chest
151,36,-176,minecraft:mob_spawner
251,68,-319,minecraft:furnace
251,69,-320,minecraft:furnace
233,72,-312,minecraft:bed
233,72,-313,minecraft:bed
251,68,-321,minecraft:furnace
253,67,-324,minecraft:bed
251,69,-321,minecraft:furnace
252,67,-324,minecraft:bed
289,12,-136,minecraft:chest
188,50,-142,minecraft:chest
186,50,-142,minecraft:mob_spawner
197,72,-326,minecraft:smoker
197,75,-326,minecraft:campfire
287,12,-133,minecraft:mob_spawner
287,12,-130,minecraft:chest
108,30,-349,minecraft:mob_spawner
343,23,-128,minecraft:mob_spawner
333,18,-97,minecraft:mob_spawner
111,50,-107,minecraft:chest
109,50,-107,minecraft:mob_spawner
313,63,-379,minecraft:sign
310,28,-375,minecraft:mob_spawner
309,28,-373,minecraft:chest
310,28,-373,minecraft:furnace
56,57,-308,minecraft:mob_spawner
53,57,-307,minecraft:chest
374,39,-139,minecraft:chest
373,39,-141,minecraft:mob_spawner
374,39,-143,minecraft:chest
382,29,-57,minecraft:mob_spawner
399,28,-89,minecraft:mob_spawner
-19,64,-164,minecraft:bell
-23,65,-176,minecraft:sign
-47,64,-188,minecraft:chest
-47,64,-189,minecraft:chest
-48,64,-188,minecraft:chest
-48,64,-189,minecraft:chest
-3,56,-145,minecraft:chest
-3,56,-149,minecraft:chest
-3,56,-147,minecraft:chest
-3,56,-153,minecraft:chest
-3,56,-151,minecraft:chest
-4,64,-147,minecraft:bed
-5,64,-147,minecraft:bed
-11,56,-149,minecraft:chest
-4,64,-151,minecraft:chest
-6,64,-147,minecraft:bed
-4,64,-153,minecraft:chest
-3,55,-145,minecraft:chest
-3,55,-149,minecraft:chest
-3,57,-148,minecraft:chest
-3,55,-147,minecraft:chest
-3,57,-146,minecraft:chest
-3,55,-153,minecraft:chest
-3,57,-152,minecraft:chest
-3,55,-151,minecraft:chest
-3,57,-150,minecraft:chest
-4,57,-154,minecraft:chest
-11,55,-149,minecraft:chest
-5,57,-154,minecraft:chest
-3,57,-154,minecraft:chest
-8,57,-154,minecraft:chest
-9,57,-154,minecraft:chest
-6,57,-154,minecraft:chest
-7,57,-154,minecraft:chest
-11,57,-150,minecraft:chest
-10,57,-154,minecraft:chest
-11,57,-154,minecraft:chest
-3,56,-148,minecraft:chest
-3,56,-146,minecraft:chest
-3,56,-152,minecraft:chest
-3,56,-150,minecraft:chest
-5,64,-146,minecraft:bed
-5,56,-154,minecraft:chest
-6,64,-146,minecraft:bed
-6,56,-154,minecraft:chest
-3,56,-154,minecraft:chest
-4,64,-146,minecraft:bed
-4,56,-154,minecraft:chest
-9,56,-154,minecraft:chest
-4,64,-152,minecraft:chest
-10,64,-146,minecraft:smoker
-10,56,-154,minecraft:chest
-7,56,-154,minecraft:chest
-11,56,-150,minecraft:chest
-8,56,-154,minecraft:chest
-11,64,-146,minecraft:smoker
-11,56,-154,minecraft:chest
-4,64,-154,minecraft:chest
-12,64,-146,minecraft:smoker
-12,72,-146,minecraft:campfire
-3,55,-146,minecraft:chest
-3,57,-147,minecraft:chest
-3,55,-150,minecraft:chest
-3,57,-145,minecraft:chest
-3,55,-148,minecraft:chest
-3,57,-151,minecraft:chest
-3,55,-154,minecraft:chest
-3,57,-149,minecraft:chest
-3,55,-152,minecraft:chest
-6,55,-154,minecraft:chest
-7,55,-154,minecraft:chest
-11,55,-150,minecraft:chest
-4,55,-154,minecraft:chest
-3,57,-153,minecraft:chest
-5,55,-154,minecraft:chest
-10,63,-146,minecraft:campfire
-10,55,-154,minecraft:chest
-11,63,-146,minecraft:campfire
-11,55,-154,minecraft:chest
-8,55,-154,minecraft:chest
-11,57,-149,minecraft:chest
-9,55,-154,minecraft:chest
-12,63,-146,minecraft:campfire
-4,55,-144,minecraft:chest
-4,56,-144,minecraft:chest
-5,55,-144,minecraft:chest
-7,56,-144,minecraft:chest
-8,55,-144,minecraft:chest
-6,57,-144,minecraft:chest
-8,56,-144,minecraft:chest
-9,55,-144,minecraft:chest
-7,57,-144,minecraft:chest
-5,56,-144,minecraft:chest
-6,55,-144,minecraft:chest
-4,57,-144,minecraft:chest
-6,56,-144,minecraft:chest
-7,55,-144,minecraft:chest
-5,57,-144,minecraft:chest
-11,56,-144,minecraft:chest
-10,57,-144,minecraft:chest
-11,57,-144,minecraft:chest
-9,56,-144,minecraft:chest
-10,55,-144,minecraft:chest
-8,57,-144,minecraft:chest
-10,56,-144,minecraft:chest
-11,55,-144,minecraft:chest
-9,57,-144,minecraft:chest
-17,48,-124,minecraft:mob_spawner
25,33,-89,minecraft:mob_spawner
-53,24,-65,minecraft:mob_spawner
0,9,5,minecraft:mob_spawner
43,25,7,minecraft:mob_spawner
-163,32,-176,minecraft:chest
-169,34,-175,minecraft:chest
-180,46,-148,minecraft:chest
-179,39,-4,minecraft:chest
272,24,-446,minecraft:mob_spawner
270,24,-446,minecraft:chest
398,34,-464,minecraft:mob_spawner
406,32,-460,minecraft:mob_spawner
429,25,-460,minecraft:mob_spawner
423,35,-462,minecraft:chest
264,24,-455,minecraft:chest
267,24,-455,minecraft:chest
265,24,-458,minecraft:mob_spawner
-17,23,44,minecraft:mob_spawner
379,27,-477,minecraft:mob_spawner
423,35,-465,minecraft:mob_spawner
420,21,-475,minecraft:mob_spawner
426,35,-465,minecraft:chest
367,22,-488,minecraft:mob_spawner
-255,28,-368,minecraft:mob_spawner
-16,64,-164,minecraft:bell
-190,16,-415,minecraft:mob_spawner
-192,16,-414,minecraft:chest
-188,16,-414,minecraft:chest
-32,64,-205,minecraft:sign
-29,65,-205,minecraft:sign
-22,71,-134,minecraft:sign
-27,63,-210,minecraft:campfire
-27,70,-210,minecraft:campfire
-258,28,-367,minecraft:chest
