x,y,z,uuid,type,alive,display_name,custom_name
105.70564618267859,67.0,-393.41003882695975,631c86a7-8d90-4dd5-aaee-5a9fc6be4bae,minecraft:item,true,Leather,[null]
106.52141769244538,67.0,-394.82546964991366,2d2d4047-726f-43a4-9f01-f57624280541,minecraft:item,true,Raw Beef,[null]
93.26412907231658,70.0,-388.4758943217163,e0993f39-93a1-4943-9b39-072c4754b7a9,minecraft:item,true,Leather,[null]
93.69845549388076,70.0,-386.9992822164612,525ceee0-11ce-4c30-82a9-0800e75ede15,minecraft:item,true,Raw Beef,[null]
352.44953331948966,35.0,-393.72734273298886,2a78c350-3705-4aef-bf65-c8a5bbe0d110,minecraft:item,true,Gunpowder,[null]
368.4858623803214,77.0,-121.1350301317455,af485981-6725-4ff9-9e39-13d9d7fe8aa2,minecraft:item,true,Raw Porkchop,[null]
232.75437979972187,16.0,-384.26486683015185,b4f0308f-447b-4f42-acb7-3150c9922ba4,minecraft:item,true,Rotten Flesh,[null]
229.58705787826102,16.0,-386.65568026973716,1e498ec7-dd65-45d3-a9a2-4628ba42e3d7,minecraft:item,true,Rotten Flesh,[null]
231.77163218795982,16.0,-384.375158886306,57f55312-934a-4bf8-a3aa-63d3bfbdedfe,minecraft:item,true,Rotten Flesh,[null]
224.125,56.0,-398.33242152502606,2cc8be87-036e-49a7-a854-4d5a0703df39,minecraft:item,true,Arrow,[null]
224.125,56.0,-397.777842597945,ca854057-0fa0-44a5-bb86-5868d7746ca3,minecraft:item,true,Bone,[null]
261.78918599227694,24.0,-399.95733735903383,d16df469-0f02-415c-853d-8cfb6281b4e1,minecraft:item,true,Rotten Flesh,[null]
265.125,48.0,-396.4237024785446,98afef7b-e298-4c5b-8d06-bb098e3093f5,minecraft:item,true,Rotten Flesh,[null]
280.875,39.0,-398.88946564041083,2c409bf0-4319-4a06-8d84-0e753c808bcc,minecraft:item,true,Rotten Flesh,[null]
290.8264529690827,36.0,-395.125,ddfeee64-8ede-4d06-814e-f49b3040a667,minecraft:item,true,Arrow,[null]
291.75402307676353,36.0,-395.5796138722253,d1cae656-9bad-4d15-b647-b828fd0e554d,minecraft:item,true,Bone,[null]
265.46765671195345,83.0,-76.70181208549789,f2fcc7aa-ce97-4ac2-a478-c76111f9969f,minecraft:item,true,Raw Beef,[null]
275.5879753016485,83.0,-78.98937362918977,b0fbb710-6a39-4dc4-a9c0-1bfef864d843,minecraft:item,true,Leather,[null]
275.4486204951394,83.0,-79.71650590214321,0ed38e2e-cb8b-427f-a415-d2e76136dbda,minecraft:item,true,Raw Beef,[null]
277.34630703978195,83.0,-79.76174357617398,c8bb62e1-5d18-4c27-a102-7210e91af70a,minecraft:item,true,Leather,[null]
277.01880973069046,83.0,-79.26275338425033,79e0c45d-e6eb-4fc5-b980-f93d5f409954,minecraft:item,true,Raw Beef,[null]
247.49745701770567,74.0,-76.60551003406408,37927d12-5846-4b9f-a4ed-4e6bb1a0f5a6,minecraft:item,true,Feather,[null]
255.22175183091562,88.0,-78.63188617013861,2cff18ff-94cb-494c-9d1b-7579d2aec815,minecraft:item,true,Leather,[null]
255.40707886183404,88.0,-78.73121154874212,addbe6a0-b29b-4bca-b0ba-d049ec1b2335,minecraft:item,true,Raw Beef,[null]
347.1416633181976,28.00056910137617,-58.738586381206204,fa4ce038-b7cb-4a66-a425-74eb966cd877,minecraft:item,true,Rail,[null]
347.58008326193146,28.199644414495157,-58.77234052798948,a7402e72-dffa-41e4-b22d-1f66457b5234,minecraft:item,true,Rail,[null]
347.73873555421125,28.01514173223527,-58.7673757206603,a63a7a7a-273a-4d51-bb80-e1453f45574a,minecraft:item,true,Torch,[null]
347.48436179530927,28.15150033674744,-58.71740529151528,268ef86d-e5da-41b9-8334-040a2ed52b22,minecraft:item,true,Rail,[null]
347.2201089553263,28.419860253822826,-58.652400668610035,357a9105-79b0-4c35-873f-16451d215f5d,minecraft:item,true,Rail,[null]
347.6702969845086,28.267991114893583,-58.142909299433704,3cff98cb-096a-4baf-9bf8-b8edb29034bb,minecraft:item,true,Beetroot Seeds,[null]
347.35164888864335,28.16653698888461,-58.308266167207776,390d79db-1758-4e86-9800-1906cf5ff0a9,minecraft:item,true,Torch,[null]
347.49607381233545,28.412035760007758,-58.44574438694242,26c65687-9370-4e3a-a5a7-569702d51b83,minecraft:item,true,Bread,[null]
347.5027792635017,28.54414292683513,-58.46002186817604,f42eb08b-5f7e-44bd-9831-4c5c125fba33,minecraft:item,true,Torch,[null]
347.4621247669944,28.454967615048815,-58.7814006242767,30e915db-ae11-4985-9a7a-bc317ea748fc,minecraft:item,true,Beetroot Seeds,[null]
347.53233601590006,28.17652874337636,-58.62550335788262,7666d374-b2f6-424d-a348-74dba44ec864,minecraft:item,true,Torch,[null]
347.41988553989165,28.38871965713002,-58.68621838591568,9a9ac2f8-abee-4d08-a0a4-131b11af9628,minecraft:item,true,Rail,[null]
347.17339381511175,28.500304767126703,-58.63297418293163,3af706df-9a66-4ec3-a46b-8005fba6f692,minecraft:item,true,Rail,[null]
347.30832733968884,28.51617719941176,-58.792533391230876,fe775bbd-fe02-4f4c-a1a6-78b7de1520bf,minecraft:item,true,Rail,[null]
347.81483052544786,28.249105590878756,-58.8035726649383,c732e2bb-b838-47f7-9412-b812e99135b2,minecraft:item,true,Rail,[null]
347.15584548409225,28.384916560610456,-58.445848209175146,263c7966-6cf5-41bc-8223-c566461fd4f9,minecraft:item,true,Diamond,[null]
347.71420809503934,28.508766110600327,-58.4591098643157,11e69810-7308-45bc-9432-652bb2c4044d,minecraft:item,true,Torch,[null]
389.3275077078775,28.0,-87.125,9e599fd5-cb6f-4d0c-ac60-6a1730de1434,minecraft:item,true,Torch,[null]
389.67980636217624,28.0,-87.125,a9f79888-8356-4863-8d09-404b9cbc5079,minecraft:item,true,Coal,[null]
389.836035289059,28.0,-87.87361639353298,4a9fce15-e368-423b-94c0-a5837b8544c1,minecraft:item,true,Activator Rail,[null]
389.11323520867336,28.36005157674465,-87.125,8eaa5aa2-ae84-458a-ae60-0d35f03a6852,minecraft:item,true,Pumpkin Seeds,[null]
388.89105865400387,28.360903677359715,-87.26858664581493,ef0ea966-7cbd-4181-85a1-23209aaba94c,minecraft:item,true,Torch,[null]
389.9777600424795,28.0,-87.125,113a1277-5bb6-424c-b3b1-95b8ae879cd6,minecraft:item,true,Bread,[null]
389.1988732846021,28.0,-87.38061241911083,61bd26f0-d3e2-448f-ab3e-5cd942642d87,minecraft:item,true,Bread,[null]
388.69229553495626,28.412121896944623,-87.125,e4bffbe5-5a0f-4684-b8b8-72c93951a6ad,minecraft:item,true,Coal,[null]
388.88317143233644,28.0,-88.1522875707993,8907ef9b-8429-4650-9d44-4206376d06c4,minecraft:item,true,Coal,[null]
388.6880800041012,28.0,-88.28710034485185,3ee8e85c-2f59-4899-b100-ade91463e917,minecraft:item,true,Pumpkin Seeds,[null]
389.4259275038785,28.0,-87.90502179259923,2870bf16-ba3f-48ec-a917-c6128297474f,minecraft:item,true,Pumpkin Seeds,[null]
389.87151774432607,28.0,-87.62395586925116,b56834d9-98c2-49fd-8fd7-2ce4f1cd41a0,minecraft:item,true,Activator Rail,[null]
389.6799812138466,28.0,-87.9010702226864,71f0975d-47ee-4849-b00b-8a4abb0c11cf,minecraft:item,true,Golden Apple,[null]
389.1453694258668,28.0,-87.125,ccb17ad3-8f97-4528-8bcd-c121490ccf2e,minecraft:item,true,Torch,[null]
356.125,63.0,-415.7600292673969,40535b60-3696-42e9-8d46-334fc1399072,minecraft:item,true,Raw Porkchop,[null]
222.623060021802,56.0,-403.28092536274204,98c29d24-294b-4c3a-b1ad-f21326fb500b,minecraft:item,true,Arrow,[null]
222.7716718473597,56.0,-402.8213854538926,9103bbc9-bbdb-4a50-bb77-4aa1b15b96f5,minecraft:item,true,Bone,[null]
243.22084647290487,19.0,-402.51520196929056,69ac0e77-4a4f-4829-8837-83484d01a08c,minecraft:item,true,Gunpowder,[null]
55.16625660394439,65.0,-170.77254107731082,af94face-4608-4e83-85a8-1eda873d3af3,minecraft:cow,true,Cow,[null]
25.168531635821793,69.0,-226.83155287687111,b4bb4eb1-04be-47fd-ac82-db0b204c7db1,minecraft:cow,true,Cow,[null]
-31.27281361902363,61.53264819760885,-164.27281415080972,b8d33ff0-f7bc-493b-9d93-b840c05774b2,minecraft:cow,true,Cow,[null]
-13.154047122574731,64.0,-109.9139263008828,3d4b2db1-aaab-46b5-96a4-5fbc97593377,minecraft:chicken,true,Chicken,[null]
15.805027765796378,68.0,-221.09778873491905,3c816338-f951-4e79-afae-830b99818aef,minecraft:chicken,true,Chicken,[null]
-85.20772190787645,66.0,-184.47928744445235,5e43001e-e60d-4a9e-8d75-aceea8d0af1e,minecraft:cow,true,Cow,[null]
8.5048007084853,69.0,-225.18386690207,69485f8f-533d-4788-b9c2-5e03b9c1a796,minecraft:chicken,true,Chicken,[null]
-54.927191512285056,61.0,-158.20000000298023,b486d41f-facf-484a-afc9-8058e7ef0d17,minecraft:chicken,true,Chicken,[null]
-79.44999998807904,61.0,-160.55000001192093,f70f70e5-b277-4a9b-8438-4a41dc5bfc40,minecraft:cow,true,Cow,[null]
-60.50517467692499,61.0,-159.54339292965633,39281101-8227-45f2-9c8c-174aee5df407,minecraft:wolf,true,Wolf,[null]
4.725067993007974,69.0,-236.61557192574216,9f5d399c-02d9-4ab0-9d2b-a30c3c594828,minecraft:chicken,true,Chicken,[null]
5.199247393382156,69.0,-232.1033218953365,95112687-0119-4014-9731-243e56195f31,minecraft:chicken,true,Chicken,[null]
9.405929712290638,70.0,-246.45063125461903,bdef1933-3c1a-4cee-b93d-aec79a5acc4b,minecraft:cow,true,Cow,[null]
-61.55000001192094,61.0,-166.55000001192093,f72f545f-8e8c-4116-80ee-9e15c7d4000a,minecraft:cow,true,Cow,[null]
-57.32958523569294,61.0,-163.0077339569204,fd4b1f5e-eccd-492a-a169-52c9ac5bb533,minecraft:cow,true,Cow,[null]
-54.30000001192093,61.0,-161.50447494203303,87b3843b-8bb1-42c0-af57-41482e6eab57,minecraft:wolf,true,Wolf,[null]
-90.46907837423839,65.0,-177.14859588857254,e2910f8c-b63d-4d92-a6a7-fb8e7a82b706,minecraft:cow,true,Cow,[null]
-44.44999998807907,61.527702975898926,-162.64622692775865,86eda398-3db6-40ed-9e3e-28e3867ecf39,minecraft:cow,true,Cow,[null]
-46.48545508086533,61.4741394544613,-155.99257696987203,331325b7-1bbe-43cd-88d1-3a38634beb31,minecraft:cow,true,Cow,[null]
-46.72879372709099,61.48286174058278,-158.47220795103118,00a1b53a-fc60-46fd-b077-761174fddb8d,minecraft:cow,true,Cow,[null]
-47.649507045788226,61.498142463144234,-158.79999999701977,347cbf42-735a-4b28-9040-028e9b8da831,minecraft:chicken,true,Chicken,[null]
-41.307260971350836,61.51998488606085,-158.81121772527072,359b3783-ca57-4ba8-aa0f-7f784be28911,minecraft:cow,true,Cow,[null]
-43.88414416917548,61.47491488574812,-156.87763608823462,47014e61-0d5d-46ab-b3ff-3891a3b60239,minecraft:cow,true,Cow,[null]
-41.51504777342614,61.51088505242379,-161.26418906476798,ac1414d7-24a6-4943-9318-48e980bcbffc,minecraft:cow,true,Cow,[null]
-39.234214173477234,63.0,-200.8205081236658,5a596ae0-77f2-43b3-b1a3-7961117d57b4,minecraft:cow,true,Cow,[null]
-57.77146286672787,61.0,-164.09686793139574,95e1f03f-f23a-4088-8d21-0fb49725f340,minecraft:cow,true,Cow,[null]
-65.83680530323701,63.0,-169.77354842214575,bc1974f2-5ccb-47a0-b992-4333dc697f1c,minecraft:cow,true,Cow,[null]
11.55713155061428,68.0,-226.19891494379885,dac94208-4b78-4f80-9f01-c975b11c2aa4,minecraft:cow,true,Cow,[null]
17.12438665306567,69.0,-233.20707522292759,82e83074-e3e1-4edd-812d-15a298bfc994,minecraft:chicken,true,Chicken,[null]
-87.22561699161128,67.0,-181.17073483103192,ce81ed92-a8c4-437c-9027-e9d1c0b36843,minecraft:cow,true,Cow,[null]
-48.369583681966205,63.0,-195.83130074560637,45cada28-f4ab-4ab7-adad-ce010dd83478,minecraft:cow,true,Cow,[null]
-87.28528950927455,65.0,-187.44999998807907,ae4aa632-33fb-450d-93fb-83d5faf0e3bf,minecraft:cow,true,Cow,[null]
-81.76892639808455,66.0,-187.1912109090777,7ba19621-4543-4ab2-9bff-f834a8338c9d,minecraft:chicken,true,Chicken,[null]
-64.99988522826257,69.0,-170.49931524615957,d8f55c32-1b33-48a9-b48a-9f50629bcac3,minecraft:chicken,true,Chicken,[null]
-10.160962505958745,64.0,-236.91365465601785,eb63e3e7-b95e-4462-bd7a-9c1af7d655aa,minecraft:chicken,true,Chicken,[null]
16.828724536578992,68.0,-212.2298227416921,b37f9db2-4917-42b6-a91a-50cfeda1305b,minecraft:cow,true,Cow,[null]
10.807713673842011,67.0,-210.45768376035568,69cb0a18-71e0-4d77-a159-d72dcf9ca010,minecraft:cow,true,Cow,[null]
7.746323931410769,70.0,-247.15427649870244,de558f38-8bae-4fb5-9c5e-c7472f152e73,minecraft:cow,true,Cow,[null]
21.860894427918275,65.0,-160.12620189517733,99c19a11-c46f-48a2-89c7-c70c88eda9c1,minecraft:cow,true,Cow,[null]
-6.9958879819765745,62.977143461339686,-157.89795937467196,baf1f8d6-d72f-4f6a-961d-5ca36c07b297,minecraft:tropical_fish,true,Tropical Fish,[null]
-6.358833618284673,63.380143167522604,-158.21232860036665,1aa2ddbd-60f0-4d71-a5cb-d7735dd56168,minecraft:tropical_fish,true,Tropical Fish,[null]
-6.04506541724956,63.00000081224647,-157.48571530914268,e0255230-db62-454f-a78d-4d3a830fab8e,minecraft:tropical_fish,true,Tropical Fish,[null]
-7.297771585928922,62.97774809168366,-158.75,dbb244e1-06cd-47ac-9bc8-4c87a16a5b52,minecraft:tropical_fish,true,Tropical Fish,[null]
-6.024192443560411,62.71531844801877,-158.75,95e631c9-0e42-4cec-a49d-8100581398b5,minecraft:tropical_fish,true,Tropical Fish,[null]
-84.74669082824896,63.0,-133.8106855807102,404bba60-abda-4cab-ae4b-59212944c0e5,minecraft:cow,true,Cow,[null]
-79.20000000298023,61.0,-160.20000000298023,49d9e56f-6ea4-43d3-9de1-34cf23b16a6c,minecraft:chicken,true,Chicken,[null]
-79.20000000298023,61.0,-160.20000000298023,d06fb623-1b9c-4ecf-a064-1c55f43f1c25,minecraft:chicken,true,Chicken,[null]
-79.79999999701977,61.0,-160.20000000298023,30534650-7077-40f3-9360-3a71892eb694,minecraft:chicken,true,Chicken,[null]
-79.79999999701977,61.0,-160.20000000298023,61417613-a0af-41d2-869a-f9be28dc9d01,minecraft:chicken,true,Chicken,[null]
-79.79999999701977,61.0,-160.20000000298023,60524fd4-8eb2-487c-a9ef-4ff303880d67,minecraft:chicken,true,Chicken,[null]
-79.79999999701977,61.0,-160.20000000298023,98b5c8b1-0455-4166-836a-09648c11e5d7,minecraft:chicken,true,Chicken,[null]
-79.79999999701977,61.0,-160.20000000298023,32016ce2-7cb9-4cf4-ab05-dab29df364b6,minecraft:chicken,true,Chicken,[null]
-79.20000000298023,61.0,-160.79999999701977,2e7db32a-e80d-4d5d-a4cd-9748471710be,minecraft:chicken,true,Chicken,[null]
-79.79999999701977,61.0,-160.79999999701977,324147e9-6906-414e-b3f1-36fc9288f44f,minecraft:chicken,true,Chicken,[null]
-79.79999999701977,61.0,-160.20000000298023,686df557-b718-4fd1-81ef-01d63db46bfe,minecraft:chicken,true,Chicken,[null]
-79.20000000298023,61.0,-160.20000000298023,77a3ee42-d34a-4a8c-9756-387e6f33f770,minecraft:chicken,true,Chicken,[null]
-79.79999999701977,61.0,-160.79999999701977,f0d09457-c4d8-4c7d-a791-0563a0f08308,minecraft:chicken,true,Chicken,[null]
-79.79999999701977,61.0,-160.20000000298023,2fa83017-45fa-44b5-8d3e-318301c47160,minecraft:chicken,true,Chicken,[null]
-79.20000000298023,61.0,-160.79999999701977,99975cf3-d810-4631-ac84-46cfc07e1bd6,minecraft:chicken,true,Chicken,[null]
-79.79999999701977,61.0,-160.20000000298023,336a48cb-583c-424f-89c6-138fc8fdfa20,minecraft:chicken,true,Chicken,[null]
-79.20000000298023,61.0,-160.79999999701977,60e0cf65-6e1c-4b18-8ec8-789352dfb7cd,minecraft:chicken,true,Chicken,[null]
-79.79999999701977,61.0,-160.79999999701977,cb9f056c-43fc-471d-93e9-529da35cf03e,minecraft:chicken,true,Chicken,[null]
-79.79999999701977,61.0,-160.20000000298023,4d3ed625-8bd6-4d9c-837c-4067c094f95a,minecraft:chicken,true,Chicken,[null]
-79.20000000298023,61.0,-160.79999999701977,760b27b1-71e6-4442-93f1-0a2a0d772bb8,minecraft:chicken,true,Chicken,[null]
-79.20000000298023,61.0,-160.79999999701977,d22594dc-5ab7-443e-ac3d-e1f50fb5eba6,minecraft:chicken,true,Chicken,[null]
-79.20000000298023,61.0,-160.20000000298023,800f0ac7-5f87-4b53-ba9b-b18fec1208f7,minecraft:chicken,true,Chicken,[null]
-79.20000000298023,61.0,-160.20000000298023,a8393ea4-e459-4a04-b70d-10cb407e75e4,minecraft:chicken,true,Chicken,[null]
-82.44151021313067,66.0,-188.65128570411952,7294f8d7-7438-4327-9046-2ca57b206fdf,minecraft:chicken,true,Chicken,[null]
21.06301327058623,69.0,-234.06256287906118,e4422e5e-b8c3-4f67-a465-c33622e084b7,minecraft:chicken,true,Chicken,[null]
1.1021323333459723,63.0,-173.44999998807907,a45ac132-652c-46e4-b54b-d9b8dd78e5cc,minecraft:cow,true,Cow,[null]
27.498624711939975,63.0,-188.20010724454391,6304ae2b-032a-4493-89f0-7bdff414598d,minecraft:cow,true,Cow,[null]
5.5367822538811495,66.0,-216.1987770759301,63fb8944-026c-4567-8532-a026f9d9264b,minecraft:cow,true,Cow,[null]
-70.22778632803386,63.0,-158.8356275988084,ba14c45d-f20e-40af-a032-03fd2a172161,minecraft:cow,true,Cow,[null]
10.217280201418319,66.0,-199.1352999990877,1b6d691d-3e7b-4877-b6d8-0266da2413b5,minecraft:cow,true,Cow,[null]
13.145464658414754,70.0,-237.1613884887822,90118b3f-0154-46c0-b9de-a86ef75fd7a7,minecraft:cow,true,Cow,[null]
0.16166296348802187,69.0,-236.0891599843158,54f044fc-c50e-487f-908a-3a54601ddd86,minecraft:chicken,true,Chicken,[null]
22.21047956744601,69.0,-230.11646893466278,7ff1b9ee-5c03-427f-aca6-30b5fb30d33f,minecraft:chicken,true,Chicken,[null]
-1.6810530010785598,64.0,-214.72241684058156,67e9e7d7-cfc1-4ce5-bee8-cdc1669f7052,minecraft:cow,true,Cow,[null]
2.2032082142251994,66.0,-208.4849063415481,93b463f1-fe9f-4527-a782-2492de35d34d,minecraft:chicken,true,Chicken,[null]
6.775555699466048,69.0,-224.15352293814342,ee0a6be7-f117-461d-9933-c72030425048,minecraft:cow,true,Cow,[null]
9.138387439952009,69.0,-235.29531963112032,df6e0a1d-ce71-4f49-bef6-1ec1e5155f06,minecraft:chicken,true,Chicken,[null]
-94.17782049624975,64.0,-187.17817015360913,a8ac7fba-730f-4910-84b0-913cf92a8d85,minecraft:cow,true,Cow,[null]
-85.58733949156402,66.0,-186.18293495431593,eb2a9fff-e314-485a-a59a-ab4de3a133fb,minecraft:chicken,true,Chicken,[null]
-54.17821964519372,63.0,-203.76633953507226,d7fbd005-2378-4465-83cf-4c92ea8b9fb8,minecraft:cow,true,Cow,[null]
-86.19709423451762,66.0,-184.48824456942012,a9384b30-59a8-4624-aa96-310db3e18ed8,minecraft:cow,true,Cow,[null]
-83.03676331532742,66.0,-188.0742047759283,d85406c4-b94c-4985-89df-f674ec0a3fdb,minecraft:chicken,true,Chicken,[null]
-83.88174838839657,67.0,-183.18378499987148,f3c3ea4a-9e5f-4939-bbcd-33f3f116b9c3,minecraft:cow,true,Cow,[null]
-68.94714717207526,68.0,-193.16226929632796,adeea018-78f4-4e67-b5e1-15e1e4be9578,minecraft:cow,true,Cow,[null]
-88.65616858956201,66.0,-178.2924163525677,55adcaa1-0c60-407e-9558-7d8d0d6d7229,minecraft:cow,true,Cow,[null]
-66.19733086682712,65.0,-205.49457360209257,94503400-516c-402c-8780-45024aab2998,minecraft:cow,true,Cow,[null]
-87.17752275558342,67.0,-179.49996804854743,ec0297a2-7409-4d85-8744-2cb0f4465135,minecraft:cow,true,Cow,[null]
-90.10041427186965,64.0,-188.35606093736638,33c78c1e-b8cb-44c8-9fb5-1f54ca1630e1,minecraft:chicken,true,Chicken,[null]
-70.49816771427992,63.0,-169.81973414592525,03fc9faa-00a4-47ce-b3bd-821d46887ca2,minecraft:chicken,true,Chicken,[null]
-1.106546122863611,69.0,-236.19837786780602,764d42f4-0d01-468a-9d0b-cd9baf1352b1,minecraft:chicken,true,Chicken,[null]
-0.7783729936013132,65.0,-200.1549578642699,14e3274d-7906-4cf2-87ed-c627d6191873,minecraft:cow,true,Cow,[null]
-76.14986190157563,63.0,-165.14045171650574,61150398-31d9-46b1-bc7d-bcc95f21a1a5,minecraft:cow,true,Cow,[null]
28.16831909766844,68.0,-212.22753845615534,25433a8c-2800-409e-a7ff-e9ccdac3962d,minecraft:chicken,true,Chicken,[null]
-91.50565021576462,64.0,-182.20309795327006,5bd68a25-2013-4b24-ade4-6c157c394215,minecraft:sheep,true,Sheep,[null]
-0.8018253292656934,64.0,-161.2268348624771,a0913215-2361-469f-86a1-da680d939743,minecraft:minecart,true,Minecart,[null]
42.5096006298671,64.0,-186.8958579161304,7cde033a-9bfc-4ee8-8409-c0941e4d3319,minecraft:cow,true,Cow,[null]
42.2335726233956,66.0,-158.17451185374753,1fee6823-658d-4946-9df3-e3146011f6ec,minecraft:cow,true,Cow,[null]
-50.261703001993105,65.0,-93.38090057269325,a82b0121-787d-410c-a018-090c7cc6827c,minecraft:cow,true,Cow,[null]
-53.70959600921317,63.0,-89.33697126629474,b8a1361e-477d-4963-a9d4-306b0096e692,minecraft:cow,true,Cow,[null]
4.787101607051549,64.0,-116.67263204326997,8c5e90e9-e163-4457-a828-71a75703ccec,minecraft:cow,true,Cow,[null]
37.10584050129709,65.0,-134.52133773126297,614a3d51-5067-476c-b89c-3f7844b2516b,minecraft:cow,true,Cow,[null]
2.8567411570986807,64.0,-121.23584762778441,469eedd6-5dc0-47e4-a861-71060b78db26,minecraft:cow,true,Cow,[null]
48.11420210125383,66.0,-154.09415692632493,180a5ce4-4369-4ac3-9002-00a8d79a956e,minecraft:cow,true,Cow,[null]
-85.14415036552566,66.0,-185.4856765175971,d5df748b-ec6c-494b-bab8-3c83d39b3cdb,minecraft:cow,true,Cow,[null]
39.56995662127873,66.0,-145.99810004824823,e4f24042-b70b-46a7-94f6-165d686da3b1,minecraft:cow,true,Cow,[null]
10.919801071539414,67.0,-212.0844312918643,9b639171-6d1c-44c6-a969-ff3b40efc833,minecraft:chicken,true,Chicken,[null]
-69.9012235390717,68.0,-193.31038157711535,a612d08a-5a95-4690-8eb1-701c6065600e,minecraft:cow,true,Cow,[null]
-84.7002205507312,63.0,-135.05421986459447,1a0cfde2-d6ac-4080-83b3-54420187dc39,minecraft:cow,true,Cow,[null]
-86.89348450429122,66.0,-184.09933217637828,8438e6e4-9eb8-423c-9161-aa50388247c1,minecraft:chicken,true,Chicken,[null]
-95.24658843282367,63.0,-181.8258895571229,ada92070-5f19-4249-bb65-eacaea7778b4,minecraft:cow,true,Cow,[null]
-87.54417788936706,66.0,-183.20000000298023,8dd498dd-4c44-497f-a1ad-9a502de5b645,minecraft:chicken,true,Chicken,[null]
-88.20000000298023,66.0,-181.9021067415338,831305ba-465c-42cd-b862-fd13efd179df,minecraft:chicken,true,Chicken,[null]
-62.82664948410679,63.0,-168.50115339827116,9490821a-70ab-4d4e-8cf4-94f2bb53c718,minecraft:chicken,true,Chicken,[null]
-95.50996006199775,63.0,-183.77628429574392,169aea63-1f95-46f2-a638-48cb5128a001,minecraft:chicken,true,Chicken,[null]
-73.08944335751823,64.0,-205.07551388807988,fab6336e-8213-4076-b3c9-59b6d79e5dd3,minecraft:chicken,true,Chicken,[null]
-7.205263957439244,65.0,-181.50561869854317,f9f9ae90-5c6a-48ce-b87e-af4ffebc37a8,minecraft:cow,true,Cow,[null]
-94.76854251734349,63.0,-183.28254346445445,848ad6df-9f77-4415-9758-74f200270b31,minecraft:chicken,true,Chicken,[null]
32.670474720920275,64.0,-184.45681045366916,59ec3d99-4517-4df9-a478-2c26ba3d0910,minecraft:cow,true,Cow,[null]
48.28804985614724,67.41999998688698,-140.449999988079,a13ad4f1-52fb-479a-8790-aff91ebfaf08,minecraft:cow,true,Cow,[null]
27.128494304557062,66.0,-154.86657905335878,526bbf5d-26fb-4405-b86d-7bf628ca74de,minecraft:cow,true,Cow,[null]
-83.73336042982834,62.50776121379449,-151.7205494489524,dd1468dd-407f-4266-8bbc-1d457c5d0993,minecraft:wolf,true,Wolf,[null]
-88.86649366814665,62.52176003264177,-128.01924095010003,24b05c43-d653-4e13-bf4d-62880f0bd6d0,minecraft:chicken,true,Chicken,[null]
23.37092253803215,65.0,-169.56145619107272,2ec19fc5-466c-4c57-9ad2-9d2cae2e39de,minecraft:cow,true,Cow,[null]
-21.5,64.2025,-138.49000000953674,206c5604-9b50-4b78-9f58-2360c811cb33,minecraft:cow,true,Cow,[null]
46.94270818791466,66.0,-154.70113446158467,0384a5fa-1cd5-4b27-a50e-9a162cf214c8,minecraft:cow,true,Cow,[null]
-54.819718063840604,63.0,-89.72691000113002,104b8a1b-6162-4a7e-9bda-f0986d0c424d,minecraft:cow,true,Cow,[null]
-42.66655728498627,68.0,-104.1879791610017,9ddb9be1-38fc-4f86-ab9b-baf56c9c36e6,minecraft:sheep,true,Sheep,[null]
-18.818981266205668,63.0,-83.76492375709013,eaacdfdc-c7c5-48f4-a2cc-30372b137751,minecraft:cow,true,Cow,[null]
-42.65764196369649,65.0,-95.32798209734482,0e201515-3204-4952-96d4-81aac9242be7,minecraft:cow,true,Cow,[null]
-5.178785618516439,67.0,-86.83959771338218,1bdbb323-6b5a-4964-8ec4-db48157f5999,minecraft:cow,true,Cow,[null]
-18.15448728281818,64.0,-86.84558838325948,14cc0cd2-6667-4701-ac3f-2731382ec515,minecraft:cow,true,Cow,[null]
-52.40454995566915,65.0,-92.86416370882847,f3162104-4e67-4da1-aaec-9a99d941e6a1,minecraft:cow,true,Cow,[null]
2.2487006968763987,67.0,-86.8190969850274,448085dc-0a1f-476e-8274-8ccd1ff10829,minecraft:cow,true,Cow,[null]
-81.80888031096094,65.0,-191.17909169341272,5cea7bc2-e400-4235-9c71-6b3bc51f91d3,minecraft:cow,true,Cow,[null]
-8.555480631861546,66.0,-86.19171516833806,8bfb536c-6458-4af6-a518-fbe83b2ff33b,minecraft:cow,true,Cow,[null]
-1.7374116645001583,67.0,-87.44328340340847,f409a939-1399-4531-8489-3a1a98c868a1,minecraft:cow,true,Cow,[null]
16.390695624108346,70.0,-96.64749357120826,2cb774ee-fbf0-498c-987c-c0fd527afd91,minecraft:cow,true,Cow,[null]
-44.42495408632326,64.0,-91.81575120677807,2f02867d-50a1-478f-87e5-f319dbdc3c11,minecraft:cow,true,Cow,[null]
-37.69990048133285,65.0,-106.70994306681563,a3b75969-bc34-4f47-a1df-0d55c0373a21,minecraft:cow,true,Cow,[null]
-13.78224709959273,62.51659493285746,-100.55144774911847,93a8568f-84b7-44a7-9a9b-2c9bc7f3dac1,minecraft:cow,true,Cow,[null]
22.802713847114347,69.0,-100.42694240917376,c2665448-5f55-41f8-95cb-08a4233206dd,minecraft:cow,true,Cow,[null]
38.80163434944763,66.0,-170.71957705849482,dae73137-4425-4b9b-891c-487d36aa0fb4,minecraft:cow,true,Cow,[null]
29.86358785939945,65.0,-173.78660550842667,4fff9dc7-8c24-4bea-8f4e-a024ddc904cf,minecraft:cow,true,Cow,[null]
38.153503206151214,64.0,-123.00834153904202,3b3fe41c-35a8-4dd1-bf70-176c4e2185de,minecraft:cow,true,Cow,[null]
49.12747819248223,66.0,-167.85421511384232,c91f8685-e42e-4b0a-a197-448063cab7a2,minecraft:cow,true,Cow,[null]
-0.5897790185517414,67.0,-89.61058191345589,88594488-d2de-4f28-b652-235d95db6db3,minecraft:cow,true,Cow,[null]
19.685651425913584,70.0,-100.38913830228361,f4c141a7-31ec-4400-b346-e36ec8a51525,minecraft:cow,true,Cow,[null]
3.5247808754599483,67.0,-89.80819311878574,c4e7316f-3f59-43ba-947e-f30a59f5dc6c,minecraft:cow,true,Cow,[null]
20.137207046057462,70.0,-98.86315024703107,d8730997-88ac-4254-9b97-2809956f6842,minecraft:cow,true,Cow,[null]
24.842256824998476,69.0,-103.56606854661767,2dd8627b-00bf-4758-8f64-ab789d2a7b17,minecraft:cow,true,Cow,[null]
-4.907258914188748,65.0,-106.00044433274873,dc992525-64c8-4e1b-aeed-f218a8e459fe,minecraft:horse,true,Horse,[null]
31.509999990463257,34.0,-95.99062435138867,460c445c-cb6b-40bd-9ccd-c25bcb241b7e,minecraft:chest_minecart,true,Minecart with Chest,[null]
-6.5,64.5,-141.5,44824248-0fc2-4114-af73-7ef9141e9dfc,minecraft:leash_knot,true,Leash Knot,[null]
-58.663664165929184,64.0,-102.44999998807907,a0794e9f-e393-4ca9-bb36-97ceef057503,minecraft:cow,true,Cow,[null]
-51.66820393568548,65.0,-93.3775757503856,6a3f31fc-94ad-49a5-92ab-1485279543f8,minecraft:chicken,true,Chicken,[null]
-56.15667530304549,66.0,-98.82019221351615,6d70de77-64ed-4105-89cd-f7a04a5fc608,minecraft:chicken,true,Chicken,[null]
-8.45761784213145,67.0,-88.87908585899117,b8e5eb9f-caea-4aea-aaee-7a5bcce49361,minecraft:chicken,true,Chicken,[null]
1.5,13.0625,-80.5,ec0a5ee7-a798-4512-a0aa-27f4565d7405,minecraft:chest_minecart,true,Minecart with Chest,[null]
5.509999990463257,33.0,-84.29080067173301,7ce3f1fd-faa0-4143-81db-4d42a31f15db,minecraft:chest_minecart,true,Minecart with Chest,[null]
16.19643697342244,70.0,-95.4791562495203,46cead09-2f92-44f3-841d-8a646efe7141,minecraft:cow,true,Cow,[null]
-15.682872466196988,63.0,-81.25084952881687,27d76a31-bd67-4160-9cf9-2798ee9f6c81,minecraft:chicken,true,Chicken,[null]
14.776913692166803,64.0,-201.55000001192093,5fbc7174-fbc0-4643-addc-bdaa74dcbc23,minecraft:cow,true,Cow,[null]
-54.72002518453206,64.0,-92.31823671421105,76442046-42b3-4119-9170-1188a0abbd13,minecraft:cow,true,Cow,[null]
-41.11500000953674,16.0625,-70.5,2bb7cef8-e4cd-4b14-a11c-4bfee0a9b471,minecraft:chest_minecart,true,Minecart with Chest,[null]
-42.5,24.0625,-53.5,0d12121e-e35b-44ae-ae28-97729806c4c4,minecraft:chest_minecart,true,Minecart with Chest,[null]
-40.74128830958904,24.0,-58.92388004083567,6debb41a-04a8-416a-874f-7b1c678945ed,minecraft:chest_minecart,true,Minecart with Chest,[null]
-27.5,24.0625,-60.5,fcd92e61-d6f4-4934-8b5f-869a139ae551,minecraft:chest_minecart,true,Minecart with Chest,[null]
-19.5,23.0625,-58.5,355a0648-99fc-45a7-a9e7-386ae10fb89d,minecraft:chest_minecart,true,Minecart with Chest,[null]
-29.509999990463257,16.0625,-49.5,7b8fbaa3-619b-4b14-95fa-d7b7d2d8242f,minecraft:chest_minecart,true,Minecart with Chest,[null]
12.5,25.0625,-55.5,072f3cb2-5341-40e8-8f68-40b8bc2d8265,minecraft:chest_minecart,true,Minecart with Chest,[null]
27.5,29.0625,-43.50999999046326,1ec1207b-d287-423d-8d83-5b367c2b3217,minecraft:chest_minecart,true,Minecart with Chest,[null]
31.35583668116792,63.0,-40.00894585401873,0f7c226c-5ea7-40ea-abd2-a21e2d05f093,minecraft:cow,true,Cow,[null]
16.27824835627217,64.0,-46.05629085519004,fbbcfe8b-7593-43b7-8d30-4ee179a19d00,minecraft:cow,true,Cow,[null]
25.149782512309013,64.0,-43.85646358478838,fcc609fd-8cda-4691-ac8d-3b5a2f913442,minecraft:cow,true,Cow,[null]
61.153563067198185,64.0,-46.15358059128074,81861f57-ef2d-4dc7-893b-a6860ff97ba0,minecraft:cow,true,Cow,[null]
-12.504722687645875,64.0,-40.32068567097709,18d765bf-8e18-4e20-b78a-f185dafb2f0e,minecraft:pig,true,Pig,[null]
-38.2046191338379,68.0,-47.25782656688145,a714bb9b-4fe9-4df0-ae8d-6f50d5b7fb41,minecraft:pig,true,Pig,[null]
-62.895495703955405,68.0,-39.17498476379897,ff37b93b-93a5-44ed-a67f-b94cf2bf6009,minecraft:chicken,true,Chicken,[null]
-59.88137279745237,68.0,-33.86132371691482,eb0950e0-c5ef-49df-8d42-d87dd9aa727c,minecraft:chicken,true,Chicken,[null]
-70.1308374842117,69.0,-36.215452873267516,996746ce-21cc-4080-91fe-7a051faa1c45,minecraft:chicken,true,Chicken,[null]
-79.1705468814944,67.0,-49.82934169642224,ff3b9f77-b66d-47ec-b70b-4340323c4210,minecraft:pig,true,Pig,[null]
-2.5,12.0625,-18.5,b5db352f-ab71-4c73-af14-fc35d6d5d79a,minecraft:chest_minecart,true,Minecart with Chest,[null]
46.49878801160537,65.0,-15.8889156552941,09c56e3f-bcba-4600-86ee-7f80b5643b71,minecraft:cow,true,Cow,[null]
39.48166415970407,65.0,-28.184146388521714,7eddf79b-8c57-46a6-b164-a773eea90a0b,minecraft:cow,true,Cow,[null]
46.780526432615574,64.0,-23.53394258801936,235a6c7e-f215-413b-b9f0-7c4494c95abe,minecraft:cow,true,Cow,[null]
-70.39789845945309,69.0,-29.863147274566504,caaa54b8-5bde-4a94-aa38-a37ad0f837e2,minecraft:chicken,true,Chicken,[null]
-36.96756930053654,63.0,-310.0002653841932,5f9ab655-2b46-4b82-aa1c-33bdd0031234,minecraft:turtle,true,Turtle,[null]
12.5,12.0625,-6.5,ca9fb60b-1241-4af6-ac87-286fabaecdad,minecraft:chest_minecart,true,Minecart with Chest,[null]
-64.06149070917526,63.0,-326.91427239535915,69bc33f6-fd0f-4c46-9dde-de89d2efee10,minecraft:turtle,true,Turtle,[null]
1.3374082575566115,62.6346518143376,0.44413109788861693,7792b090-7c32-44d3-8fb4-79542b1d2b39,minecraft:fox,true,Fox,[null]
44.84889450848384,65.0,-10.779168090713284,b91c499d-7995-4dda-8c1d-97a195d34852,minecraft:cow,true,Cow,[null]
95.25861850756158,64.0,4.773319257261525,63baa172-e3f6-4aab-bd3e-127a5344a893,minecraft:pig,true,Pig,[null]
95.2096699148315,64.0,1.7624728697245269,e3d5f660-fef3-4ead-a004-3b75076553b7,minecraft:pig,true,Pig,[null]
93.31749371039069,67.0,15.96794704791245,16c3f5dc-1c60-4dfb-886d-5853a2741590,minecraft:pig,true,Pig,[null]
-28.336759885211737,62.0,15.005465438986512,f4f535ef-8c8e-425a-b49c-e30669debca2,minecraft:turtle,true,Turtle,[null]
-185.2957256333539,50.71568605885607,-112.28290041143464,5c1e2757-605e-45fa-ab93-a4799cd8c0ae,minecraft:drowned,true,Drowned,[null]
-210.47861300902008,62.71136438381411,-46.297323128177275,af1657a3-da6a-4e68-9fad-8db27680bdbd,minecraft:chicken,true,Chicken,[null]
-224.09448458402676,36.0,-88.43334560819795,f011a4bd-2d9b-41c9-b451-28d41b94c2a4,minecraft:drowned,true,Drowned,[null]
-24.95221021376459,63.0,17.936770964355368,ffe31e77-4d6d-44f1-b073-c8d59b05afa9,minecraft:turtle,true,Turtle,[null]
-28.189935469883103,62.0,22.399999976158142,03d70a70-e434-4fd8-b1fc-57fea0268d7d,minecraft:turtle,true,Turtle,[null]
-26.920412721300433,62.0,21.922633512522342,e507137d-ce5f-4393-a7cf-59e3d5f21546,minecraft:turtle,true,Turtle,[null]
86.15223546148701,71.0,26.5030306565807,ac2e2518-a8d1-433d-8f15-72b1359c20ea,minecraft:pig,true,Pig,[null]
100.25941354745568,66.0,14.766486457276105,0eb7e0cb-100a-43f6-8a4b-1534f8aad91d,minecraft:pig,true,Pig,[null]
86.50098178171858,70.0,28.467453581751844,28148e45-af5c-40c7-9c8c-813edfaeac3e,minecraft:chicken,true,Chicken,[null]
103.70234800733176,67.0,18.346865086364133,14ca2ca0-5cc3-46a6-a7f9-b91c2f436cab,minecraft:chicken,true,Chicken,[null]
107.0,67.0,17.0,a935b362-c28f-4d96-b541-fc5693b2d681,minecraft:chicken,true,Chicken,[null]
101.16254685860429,69.0,22.843345787339437,54ed70c2-60e5-4e9f-8bb8-77618c62cfa8,minecraft:chicken,true,Chicken,[null]
102.69703394799195,66.0,16.163206100255856,9cd6e197-9224-4f8a-9eb0-4c7c177d5d9a,minecraft:pig,true,Pig,[null]
101.09884123594688,69.0,26.09884194948974,745e7510-e749-4e16-bc5c-39aa8c7439b5,minecraft:pig,true,Pig,[null]
100.40151154795184,68.0,20.777684479093384,6f114d54-c149-4783-b0ee-b7b0f7c02829,minecraft:pig,true,Pig,[null]
47.5,30.0625,30.5,664ec9ab-dbe0-4afa-ad14-d961445da268,minecraft:chest_minecart,true,Minecart with Chest,[null]
126.28366629525969,67.0,28.55000001192093,a252a15a-5e1a-40ea-8ca9-2e5b80c45a77,minecraft:sheep,true,Sheep,[null]
112.808175299245,68.0,24.221064444243176,d6bc8422-ba79-4ce5-9f83-aa293edc34b4,minecraft:sheep,true,Sheep,[null]
265.04810050694266,19.0,-423.3771121740127,fdf0abcb-29ab-4ef5-af7f-8c43ebc30d0a,minecraft:item,true,Rotten Flesh,[null]
270.69928337265634,32.0,-424.9950602743808,3621cc87-3214-43ee-9821-5fe8456cf287,minecraft:item,true,String,[null]
273.22696775366956,32.0,-421.316665459478,dbc02bf8-7e11-44ca-b57d-48a997919edf,minecraft:item,true,Gunpowder,[null]
305.5344883844876,31.0,-418.875,843157ee-7bc0-49cb-97dc-281a6173b14f,minecraft:item,true,Gunpowder,[null]
310.125,24.0,-429.68274423894655,5b980e2f-1f57-4cdd-bccb-e5f9a849f684,minecraft:item,true,Bone,[null]
311.31287523286915,23.0,-430.59321412398214,6caad27d-910f-4e89-9717-41afb5be5fe8,minecraft:item,true,Gunpowder,[null]
344.125,29.0,-417.3722417855351,3e516678-8665-4c59-812b-0625cfe36c16,minecraft:item,true,Gunpowder,[null]
366.675783745166,34.0,-429.0215669954695,754b4cac-070e-4937-b9a3-5e138b97e6d8,minecraft:item,true,Arrow,[null]
365.70900375411804,33.0,-428.273664620407,d58ca0ad-470d-4f3c-bed2-f95ad7052c74,minecraft:item,true,Bone,[null]
355.1295271599023,61.0,-428.22746738895535,2996f432-c47a-401c-a536-779930531e6b,minecraft:item,true,Raw Porkchop,[null]
382.405289624426,16.0,-424.26406583563266,a88d2b30-9755-4dfb-b0b2-600940651e86,minecraft:item,true,Rotten Flesh,[null]
385.73324110302264,16.0,-424.00876461018333,9a4235c6-0c72-4ef5-98bc-10a2d43aec7c,minecraft:item,true,Rotten Flesh,[null]
400.6358643497034,62.4628636589935,-300.09348138279336,c3c11437-1d4f-4c56-bc5a-e51e8f9372ce,minecraft:item,true,Ink Sac,[null]
423.70165582914933,21.0,-143.41340452271663,a277f9eb-dcef-47b3-b8b7-6f5e116b4876,minecraft:item,true,Red Mushroom,[null]
416.9113672774396,19.0,-151.022255622029,5bc343b9-2876-4ab1-9df0-d8bbb9a49fe4,minecraft:item,true,Red Mushroom,[null]
429.0,63.0,-95.10000002384186,a225a1ea-57b0-4f52-98ee-3cf3660decb1,minecraft:pig,true,Pig,[null]
424.0279130976989,95.0,-223.8008893968294,2cfc160c-af5a-4553-8a03-b9deefcfdfb3,minecraft:wolf,false,Wolf,[null]
425.3904167255576,96.0,-221.72463647808507,97ee14cd-084f-4c7c-83fe-97e263fddeda,minecraft:wolf,false,Wolf,[null]
438.0,81.0,-54.0,f68db0e5-a449-4da9-a996-127ab5f5846a,minecraft:cow,true,Cow,[null]
439.927251209923,75.0,-383.98256473909737,4ce42001-cc3a-410b-898d-cbbe2019b768,minecraft:item,true,Raw Mutton,[null]
441.0943408317842,73.0,-396.3048597890317,6a00cb78-015f-49d7-af1b-b1c380600ce5,minecraft:item,true,White Wool,[null]
442.875,73.0,-398.5661282408663,e242f204-04cd-430e-8376-c6a4140f39d7,minecraft:item,true,Raw Mutton,[null]
439.10501170187933,75.0,-384.0636676809187,6c1440c7-e674-4b64-9fc5-52b0edcd24ed,minecraft:item,true,White Wool,[null]
443.331036845398,72.0,-401.125,94a9fe13-4d93-48a4-b550-fb63cc8382b0,minecraft:item,true,White Wool,[null]
444.10818973636464,72.0,-401.72374776699024,52607206-7d26-4ddc-809a-ff05dc291e19,minecraft:item,true,Raw Mutton,[null]
435.73573936974356,73.0,-416.28163328334824,99d503c5-5b64-403c-beb7-74518b3e5809,minecraft:item,true,White Wool,[null]
437.47876912694903,74.0,-416.2110625816018,d086265b-0d3f-4a10-bb25-f0f555a60558,minecraft:item,true,Raw Mutton,[null]
446.38794328629524,71.0,-437.9846987706855,1a836e1e-5bc8-4583-a5e1-2030874a5b1b,minecraft:item,true,White Wool,[null]
447.4471075408204,71.0,-437.9280434477112,31995f29-c710-436a-afd4-d25cd0809983,minecraft:item,true,Raw Mutton,[null]
447.125,68.01015691704085,-436.5014541821848,5e8038e8-4a21-418d-993d-ea4ffbfe4e82,minecraft:item,true,Raw Mutton,[null]
389.0127714674222,57.0,-449.0159365389515,a472c9a3-0319-4586-8a54-ec7151a034a0,minecraft:item,true,Rotten Flesh,[null]
408.4649673345196,23.0,-453.125,162d6ac2-60ac-40d1-95a2-faf8ad18554d,minecraft:item,true,Rail,[null]
409.47948659784646,23.0,-453.4307065990419,518c1e98-f348-45c0-b82c-6dc7a5c1a687,minecraft:item,true,Bread,[null]
409.9596009588334,23.0,-455.04069953063373,a43437a8-c86b-4447-8f01-088bf6571068,minecraft:item,true,Torch,[null]
409.9016143323056,23.0,-453.30092931499416,f991e4e0-5934-4566-af12-4d6141f5bd5c,minecraft:item,true,Rail,[null]
409.1027222476365,23.0,-454.31666308638876,b4c287a0-5e15-4c30-813d-799031816e1f,minecraft:item,true,Bread,[null]
410.213341930596,23.0,-453.125,d7de9497-d33d-4d62-ac39-6cb0dbbc7da4,minecraft:item,true,Torch,[null]
408.3899923356525,23.0,-454.133990976683,47c31fff-cd79-45a9-9d26-fedaff04777c,minecraft:item,true,Golden Apple,[null]
157.8311488247513,70.0,-456.0873101948882,563bde7f-a423-4232-800b-083c5212c512,minecraft:item,true,Rabbit Hide,[null]
157.27037106984304,70.0,-455.48140922435346,60ff0c93-5310-4a01-bc46-8b88afe16421,minecraft:item,true,Raw Rabbit,[null]
159.75484963279868,70.0,-451.9432857799762,ff6aee88-d5a8-46de-8d3a-48ea711e4f32,minecraft:item,true,Raw Rabbit,[null]
293.45703039185116,45.0,-459.2516722791621,46437447-a820-4e89-88bd-5cbef927a995,minecraft:item,true,Rotten Flesh,[null]
27.5,29.0625,38.5,7f17208c-b55f-4c7d-b9d6-29fc49b8a365,minecraft:chest_minecart,true,Minecart with Chest,[null]
106.19038425904807,70.0,45.76015497608816,22507b22-a1a5-4027-8393-289f935c2f60,minecraft:cow,true,Cow,[null]
99.77739241737663,70.0,34.269536868459554,be62d09b-1cb5-4476-b3c5-955972190a49,minecraft:sheep,true,Sheep,[null]
109.11283415432753,69.0,33.112801214156136,ceb7b325-e7c3-40bd-a10b-5f9f316d9cfe,minecraft:sheep,true,Sheep,[null]
105.49584103761917,70.0,32.15486203579043,581ed63c-3b77-4d41-8bc6-2754b3efcb33,minecraft:sheep,true,Sheep,[null]
122.87473613354945,69.0,44.12634661196257,8cebed11-91bc-4173-adeb-981722f24763,minecraft:chicken,true,Chicken,[null]
123.36380868459527,69.0,33.51557778818595,e017e9ac-9739-4bd5-9d8c-0eb8b386b6de,minecraft:sheep,true,Sheep,[null]
124.39652703428158,68.0,32.061581449946125,76747fc7-e02b-42bb-94c9-60616608e5f5,minecraft:chicken,true,Chicken,[null]
123.13232630275542,68.0,32.1317334762586,5e3c3e02-f3ef-44a6-85cf-680901c77788,minecraft:sheep,true,Sheep,[null]
122.71800686524978,69.0,43.468872150968856,19b49dbe-4a92-4ff2-97ce-bd753a279306,minecraft:item,true,Egg,[null]
132.0,70.0,41.0,41330c19-1738-4ee1-b9c5-b3d4a0c321bb,minecraft:chicken,true,Chicken,[null]
135.24851380944258,69.0,35.18106191257445,fc2d442b-50cd-47c8-8d3f-decf5a1cd2ba,minecraft:sheep,true,Sheep,[null]
131.14599070783282,70.0,40.62242850938379,d470e33d-4d4d-433e-9220-cf3ce4f80d92,minecraft:item,true,Egg,[null]
376.875,27.0,-466.8731080904982,a33624d0-b434-481e-bca7-ed80dde994b1,minecraft:item,true,Redstone Dust,[null]
376.1953052893797,27.0,-467.4521139525783,b53908d2-7dd6-4774-b1e2-fcb607b8436f,minecraft:item,true,Bread,[null]
376.875,27.0,-467.6729503854721,6d64e7ce-bd25-4024-8f98-f2737a1ff178,minecraft:item,true,Rail,[null]
376.2974356302561,27.0,-467.4672297903068,05051d46-ae99-471e-bd6d-daa29aaaf0e0,minecraft:item,true,Torch,[null]
376.5792966249964,27.0,-466.75,42c620ff-e64d-4b0f-a18f-d9369cd24b6f,minecraft:item,true,Rail,[null]
375.91141245085754,27.0,-467.47780154365427,4a768137-0716-41f8-8ebb-5e45d767a97a,minecraft:item,true,Beetroot Seeds,[null]
376.875,27.0,-467.5789521621404,b165c65b-1afd-4de7-a0ac-e76fca842589,minecraft:item,true,Beetroot Seeds,[null]
376.8052215586331,27.0,-467.7219387763083,be96ce33-4612-42f4-bf52-cb669a20e4d4,minecraft:item,true,Enchanted Book,[null]
376.05728084431183,27.0,-467.41784910456533,09120b24-64cf-44dd-89f7-5d16d090c571,minecraft:item,true,Pumpkin Seeds,[null]
380.72503683429096,63.0,-466.66626422669447,168e835d-6997-4f82-a7f3-5738a006e653,minecraft:item,true,White Wool,[null]
381.1260872166504,63.0,-467.8279662101843,e07de6bb-a060-4da5-93e1-e2eaad11acae,minecraft:item,true,Raw Mutton,[null]
395.318892671338,63.0,-473.4420402471877,d19e1aa6-9249-419c-b325-e2fd42fea10c,minecraft:item,true,Raw Mutton,[null]
396.76561608373856,63.0,-474.51283145223414,1d1cfd4c-f75c-4bf9-bd63-20148f4ead0a,minecraft:item,true,Raw Mutton,[null]
396.6227933065231,63.0,-474.77853914450117,746009c5-60ca-4f8a-a570-88365c58f4ab,minecraft:item,true,White Wool,[null]
397.70014101126935,65.0,-474.766413509427,31255f8c-b95b-4b4b-802a-700a375eafa7,minecraft:item,true,Raw Mutton,[null]
396.875,64.0,-475.1329823587672,d215dec6-403c-4e1f-b179-8e256066d13e,minecraft:item,true,White Wool,[null]
294.62944391609943,44.0,-464.741831699593,4d863886-7fd7-4f8f-930d-ff8f97735db6,minecraft:item,true,Rotten Flesh,[null]
91.83362315684506,71.0,48.77484319896765,c191bf38-69fb-4fc7-848c-0163c13e3208,minecraft:cow,true,Cow,[null]
100.21090902396817,71.0,50.85516110451439,c558910a-32ed-4cd3-86cc-34ac5097f85b,minecraft:cow,true,Cow,[null]
131.49875262801902,70.0,51.1583483201641,3fedcd9d-9084-4eb4-8cbe-cf59b2f1620b,minecraft:chicken,true,Chicken,[null]
250.56896693243334,24.0,-484.36250129449957,16a5a589-f8db-4439-8af6-c8a0b1a1e9a7,minecraft:item,true,Iron Ingot,[null]
251.74865598955026,24.0,-483.125,98008b5b-45dc-4574-adc3-4d6da833e909,minecraft:item,true,Iron Ingot,[null]
252.08304347258382,24.0,-483.8518089033011,61755144-9a6e-40b0-a09d-401a89938f3b,minecraft:item,true,Torch,[null]
251.63859371997972,24.0,-483.79384272198956,06a117ca-9bdc-4b0d-bd18-43dacde32276,minecraft:item,true,Rail,[null]
251.8453216271636,24.0,-483.125,f40414a1-4bf6-4ee4-a249-293b070b04bc,minecraft:item,true,Enchanted Golden Apple,[null]
250.89055372683578,24.0,-483.5073096283576,2c31cb4c-cfc8-4859-9a65-617dc99812a2,minecraft:item,true,Torch,[null]
252.02361779836593,24.0,-483.91830291012684,a91574a7-b5d3-4cf7-8890-a47ab402bdb5,minecraft:item,true,Detector Rail,[null]
251.5915581561066,24.0,-484.09618360382046,dfac9c1e-9564-4bcf-90ef-c5b364124d92,minecraft:item,true,Redstone Dust,[null]
437.0702048619737,64.0,-486.8394500231278,4ef839d0-35ec-42cc-85d0-59c210fa955b,minecraft:item,true,Raw Porkchop,[null]
200.39951014670612,68.0,-523.9347651338334,be96318a-1e41-41d4-85a1-02179d2e1d02,minecraft:item,true,Gray Wool,[null]
200.1111590516537,68.0,-523.6054044604987,9b3b4298-0248-4745-bf65-7505d584902f,minecraft:item,true,Raw Mutton,[null]
68.29925471263479,69.0,-461.2142741500923,372ca868-2ce2-4f73-afe6-25190b3e1717,minecraft:item,true,White Wool,[null]
67.43228391490163,69.0,-461.59818697807987,7ad4837a-1524-4d0c-b67e-98321aa9a4ca,minecraft:item,true,Raw Mutton,[null]
66.49392167429369,69.0,-457.71397959847474,df1051d5-0d9d-4db4-bf0c-9b1a07bf2e7c,minecraft:sheep,true,Sheep,[null]
64.89839146522888,70.0,-465.55000001192093,8c4d1adb-5d97-4549-82eb-804d949203ea,minecraft:sheep,true,Sheep,[null]
79.61078521672336,70.0,-503.72385794237516,5f2b2b2e-6035-41e2-85eb-422727b232eb,minecraft:wolf,false,Wolf,[null]
76.77556371897283,67.0,-507.78371917957173,7f5d8dfc-8f52-492b-bd53-441d0dec65f5,minecraft:wolf,false,Wolf,[null]
207.19280190590223,67.0,-530.2410352379464,45ec874d-326e-4e7c-b904-ada517233710,minecraft:sheep,false,Sheep,[null]
207.19280190590223,67.0,-530.2410352379464,66ec3677-4761-4915-ab59-2771e63c626b,minecraft:item,true,White Wool,[null]
207.19280190590223,67.0,-530.2410352379464,274161d7-d951-40e8-bf1f-01a77b71583c,minecraft:item,true,Raw Mutton,[null]
-242.47660492378435,21.0,-140.875,05b35fe2-8723-406b-a639-5fe531c9cfef,minecraft:item,true,Red Mushroom,[null]
-60.794982544554415,63.0,-180.49168845339153,ef5bc002-4ce0-495a-af0a-877db5c6c36c,minecraft:chicken,true,Chicken,[null]
-20.659051857931193,62.0,-145.6982458178941,7763a8f2-4894-43d1-8bcb-1f8c7dee2da7,minecraft:enderman,true,Enderman,[null]
183.76683455746786,70.0,-7.449999988079069,3aae71a1-a666-4cc3-a589-06c26a87f02b,minecraft:pig,true,Pig,[null]
199.2411562773662,74.0,-5.474997015345079,4a815158-6476-4b57-b3ae-750b145fbdc6,minecraft:pig,true,Pig,[null]
192.1746723819913,67.0,-11.899443481981686,e8fbd33b-9467-4ffc-a1da-dea7fbb1878f,minecraft:pig,true,Pig,[null]
193.4840168140823,73.0,-6.154066621764883,06b8d381-475c-4c12-a400-407dd1889aee,minecraft:pig,true,Pig,[null]
19.067809896875403,69.0,-232.21461199448314,20f66ab7-927a-4dae-8dfb-acbf094b44b0,minecraft:chicken,true,Chicken,[null]
-21.5,64.0625,-138.49000000953674,31ec39ef-59f2-4eac-a8ed-0ea4cef5283a,minecraft:minecart,true,Minecart,[null]
-51.04673492735391,66.0,-94.4463636282946,21beec15-acc2-458e-9d78-e38c70977fb0,minecraft:cow,true,Cow,[null]
-50.71721360149364,67.0,-99.29740090379559,20df76de-ebe2-4904-93e7-0e8c365f4b5e,minecraft:cow,true,Cow,[null]
22.670032923570556,65.0,-168.64365758083218,bd79fdfb-f3db-48f4-9202-474a52f3223c,minecraft:cow,true,Cow,[null]
-16.174622400267026,66.0,-92.55285030103202,78068ee4-018f-49ef-b554-8eb0bd3d4401,minecraft:cow,true,Cow,[null]
-19.10932011459373,64.0,-89.56840782347399,2efa4410-93c3-47ee-b467-b0d70a8d10a4,minecraft:cow,true,Cow,[null]
-15.146281046086292,66.0,-92.48625986408422,656cc2bb-7512-477f-9bc6-e02d869d9c28,minecraft:cow,true,Cow,[null]
0.7856980432645765,64.0,-119.84893584724654,e1cb3c64-afda-4576-a7ae-423a626678d7,minecraft:cow,true,Cow,[null]
-45.786408474953994,61.50493630989172,-159.55000001192093,ea99b4a7-d4d7-45cd-8bb7-354dfe643849,minecraft:cow,true,Cow,[null]
40.471486245403696,65.0,-178.8099163525963,73d1a64b-8b57-4f40-b296-9f83fa0af9f2,minecraft:cow,true,Cow,[null]
-14.449999988079071,65.0,-88.27297914716459,afecf599-ddeb-46d5-aebf-5859a8ec2123,minecraft:cow,true,Cow,[null]
-85.25698810485919,66.0,-186.98636312803106,fa3f04ef-72c3-4a3a-a674-b608df1a165b,minecraft:cow,true,Cow,[null]
-34.233281539625956,54.0,-130.7464228708742,68fa3165-974c-4258-97b0-6b37747563eb,minecraft:skeleton,true,Skeleton,[null]
-28.5,66.5,-206.03125,ba4f7eda-eaf0-40e4-b39e-8dde9f9bd328,minecraft:item_frame,true,Item Frame,[null]
86.42399943590769,70.0,28.235295975654978,5c0a3608-36c0-4c5f-9934-32a980e6d41b,minecraft:item,true,Egg,[null]
-30.96875,66.5,-209.5,579fda23-32ad-42ca-9959-fff68e29adff,minecraft:item_frame,true,Item Frame,[null]
104.11307966920097,67.0,17.49617640141283,6ce04398-1354-4776-a9a2-eaac8812b786,minecraft:item,true,Egg,[null]
100.88621219656582,68.0,22.307357425923747,d3089ed4-6b30-4894-851a-2e165f11049d,minecraft:item,true,Egg,[null]
-79.875,61.0,-160.2568313117694,8d225708-3bea-4efd-a952-1cc3bd4c9391,minecraft:item,true,Egg,[null]
-26.813417620454842,93.91933241038157,-157.96580929476846,b2c3231b-3b24-320f-acb9-3080e2b39a49,minecraft:player,true,neptune,[null]
-15.846328077945355,64.0,-147.92758286455685,8f85a9e2-f2b6-47c0-bd28-b4b5d9434ba5,minecraft:villager,true,Villager,[null]
-8.192554698554353,65.0,-149.7295265663711,73710d0d-8b34-4726-9648-6d0318f23a55,minecraft:villager,true,Villager,[null]
343.5,17.0625,-33.5,bf19fea6-bfee-48b5-90e6-efdd8fdd801a,minecraft:chest_minecart,true,Minecart with Chest,[null]
-10.574779567286997,64.0,-147.48801882987868,c294fc5f-10fe-4651-b214-2e761cde64f8,minecraft:villager,true,Villager,[null]
-7.946338779776255,64.0,-151.14020485093877,b772416c-e4b9-4950-a24a-6bc13d3069ad,minecraft:villager,true,Butcher,[null]
-21.353914433316103,64.0,-163.53794274778576,27e8af7b-149c-4103-9db7-2e914f9afcce,minecraft:villager,true,Villager,[null]
-17.378452068014838,64.0,-159.86235127721258,bcbc8705-321a-449c-9036-8d4be3a2cf4b,minecraft:villager,true,Butcher,[null]
-6.300000011920897,64.0,-152.0618167250224,52a75618-7c03-47c7-be99-7335375d39d5,minecraft:villager,true,Villager,[null]
-8.450560074367674,64.0,-152.20588924279218,3cc71757-8e71-4deb-9672-add24c9983fd,minecraft:villager,true,Villager,[null]
-7.149971816736241,64.0,-151.4906336385582,0a05a193-b348-40f8-b24e-e8e14f0e4120,minecraft:villager,true,Butcher,[null]
-6.300000011920918,64.0,-151.30000001192093,c298044b-aff2-4795-baa2-df94ea498f4c,minecraft:villager,true,Villager,[null]
-8.55043532152299,64.0,-151.26720307027048,0deb40d9-4b25-438e-a6c6-a208d10874b3,minecraft:villager,true,Villager,[null]
-7.486090483113082,64.0,-149.86648877131105,b31e03ac-bb7f-4c0d-a055-6f4afc15d3af,minecraft:villager,true,Villager,[null]
-9.300322468381669,64.0,-150.33787827230904,03f0690b-963e-40e4-b9ef-0660d7e57a80,minecraft:villager,true,Villager,[null]
-31.491048957941853,64.0,-191.74531223639949,285d2177-ed3d-4dfa-b8b9-025c5d67132c,minecraft:villager,true,Villager,[null]
-16.757152816887483,64.0,-147.87946520241627,cb1226e3-39c5-44d3-9301-ab966e2847c2,minecraft:villager,true,Villager,[null]
-8.557120513373246,64.0,-150.4955552180952,b76c9aaa-234a-4bcf-af71-2010be40c3e0,minecraft:villager,true,Villager,[null]
-9.18029210866337,64.0,-151.70713184027835,e23d635d-6235-4059-880f-982729b6e59e,minecraft:villager,true,Villager,[null]
-16.98012465487902,64.0,-146.5015113530628,bb616356-4b4f-4bd9-89a4-ae99a5cba738,minecraft:villager,true,Villager,[null]
-7.7637997938978005,64.0,-150.48470031751586,a579f75f-ab44-496f-9fb6-52a537ad9c29,minecraft:villager,true,Villager,[null]
-13.487500011920933,68.0,-128.626297250822,5a54be54-0d22-4867-9547-24327ac549a7,minecraft:villager,true,Villager,[null]
-14.495909225121364,68.0,-133.66249999403954,664c3980-304c-4c53-a3c0-61456ffd526c,minecraft:villager,true,Villager,[null]
16.46356416815855,62.47675954743247,-152.97127750872684,35e0e950-eea8-41f2-ba0e-341144fb8276,minecraft:villager,true,Villager,[null]
-22.499589784731437,64.0,-162.10879236307247,b880d44d-5e31-49f2-94e6-245a09869031,minecraft:villager,true,Villager,[null]
-13.487500011920927,68.0,-129.47484841349447,65f0e8a2-1973-46a7-be3d-df5e663f9267,minecraft:villager,true,Villager,[null]
-4.570412154891578,64.0,-173.40141645181222,4b29eac2-7ce9-4474-a32e-b68e1d4e84bc,minecraft:villager,true,Villager,[null]
-29.51249998807907,68.0,-132.4950691297617,004cd8d9-c0c4-43bb-90ec-66ff7b475980,minecraft:villager,true,Villager,[null]
-54.492792185239175,63.0,-155.1683849847082,b0fbb4f2-0ccf-4643-857a-4ff20e8afd96,minecraft:villager,true,Villager,[null]
106.14999332479599,67.0,16.82261000025883,29731024-9ca2-4d0b-8b97-02442feb8102,minecraft:item,true,Egg,[null]
-26.722946019498025,61.09398020161603,-162.4276946127368,3587034f-f8ff-47eb-8d2c-e9c1ec1c677d,minecraft:guardian,true,Guardian,[null]
-43.33349339655056,59.0,-158.27974182754883,55053ad4-ce9a-441e-b30f-ca4a9275038a,minecraft:guardian,true,Guardian,[null]
9.200771185279564,62.0,-181.57499998807907,c63380c5-5096-4402-b2ca-0271305f6f55,minecraft:guardian,true,Guardian,[null]
12.17030251229238,62.09629939518647,-156.57499998807907,66044620-6ccb-48b6-a82a-e7ce92a2b818,minecraft:guardian,true,Guardian,[null]
-90.39125481993888,64.0,-188.41446691729072,a8424df3-bfd1-4784-8156-3a046a487570,minecraft:item,true,Egg,[null]
-15.179524309087006,66.0,-175.26056551245975,69f69c1c-8e19-4d8d-a61a-e6221fe1cfb0,minecraft:item,true,Gunpowder,[null]
-9.53106157629917,66.0,-174.86302659381155,fd4c3b23-cc10-4730-8c3e-5c6a0d7da877,minecraft:experience_orb,true,Experience Orb,[null]
-10.235426676518301,65.0,-172.4660756148608,8fac79bb-9291-41d2-abaa-fe62d0d172d1,minecraft:experience_orb,true,Experience Orb,[null]
-11.049968816366256,66.0,-175.5652963896914,5a798845-b17f-42bb-ae36-110377e70ef8,minecraft:experience_orb,true,Experience Orb,[null]
-62.62587534405437,68.0,-177.875,d15acf7d-9503-415d-b1ae-df8755160fe1,minecraft:item,true,Egg,[null]
-83.15155288401357,66.0,-187.66711194162093,72af16cc-0882-4569-9ee4-0613b6def807,minecraft:item,true,Egg,[null]
3.9552745276868277,69.0,-235.94490343598346,9bf38d64-3e42-44b0-8ae1-8fbe61fd501a,minecraft:item,true,Egg,[null]
16.60014215275328,68.0,-221.16314923577605,d520465e-a2f6-4f10-936c-c051e7258457,minecraft:item,true,Egg,[null]
-2.4498943668839717,51.0,-135.71954673205454,097fd0c0-305b-4f5b-8d27-82918e41b3fe,minecraft:skeleton,true,Skeleton,[null]
-71.16607505912714,69.0,-30.008633481168815,df8fecb5-85d2-4404-8cd6-5e21b3011439,minecraft:item,true,Egg,[null]
-30.931165225792395,62.0,-154.24009031606212,559c2e2b-0b3f-402a-b199-86bd50d47216,minecraft:experience_orb,true,Experience Orb,[null]
23.938825676654602,68.73590037720635,-161.2839977471297,c76fc875-b27a-3243-bffc-97a47aff47b8,minecraft:player,true,GoodGame,[null]
14.699999988079071,35.0,-250.7664685944758,b2aba2af-e408-425b-99ae-1b8020d36937,minecraft:creeper,true,Creeper,[null]
-27.580832017339564,11.015700000047497,-243.95455625785905,cc07df1d-749e-4845-aa09-74b330b15b3d,minecraft:item,true,Raw Cod,[null]
-83.90079363507766,62.568021396327715,-151.25145908177657,df5945fa-1028-48cf-8c99-922ac95aa10c,minecraft:item,true,Arrow,[null]
-57.098044922456374,66.0,-98.165390529204,f0216f89-6bbb-4172-939d-fc133c7b9d8f,minecraft:item,true,Egg,[null]
4.803153789300218,69.0,-232.06703037146553,4270518a-46e9-4b90-b1e7-a552f8cb590d,minecraft:item,true,Egg,[null]
28.376288515688028,68.0,-211.83726626737823,39a9e2f5-9dc2-42db-b066-432049ea6a9c,minecraft:item,true,Egg,[null]
-9.254536527984728,66.0,-89.69133842734135,614679dc-491f-4511-9bb8-2789e3d1ae19,minecraft:item,true,Egg,[null]
-52.00939681230904,65.0,-93.875,f93e397b-f305-4e7e-a76e-f983293bc0d7,minecraft:item,true,Egg,[null]
-79.63179679669696,61.0,-160.125,9a86af25-7b47-45c1-8652-341d1f65a43f,minecraft:item,true,Egg,[null]
-80.22869994728262,36.0,-132.51035857094917,7e7578e5-b570-4ef8-8784-c0f2a5e2e874,minecraft:creeper,true,Creeper,[null]
-94.125,63.0,-182.8975330884097,a46cd7f6-78f7-4808-a786-f87a379a81a4,minecraft:item,true,Egg,[null]
-9.415044899108343,64.0,-237.75841886022533,62cdf040-1b10-4b7e-95a0-b9fd22a6e534,minecraft:item,true,Egg,[null]
-91.36040863153934,62.58321311841274,-128.8161198566909,ecd48a3e-df13-4cfe-a036-3ecb4c392cf4,minecraft:item,true,Egg,[null]
-22.49559001979311,61.0,-199.18173203348456,13afdc56-97a4-4957-a465-45d66a68de25,minecraft:creeper,true,Creeper,[null]
2.966927173641101,64.0,-129.86863159313015,14ecc602-4466-4b0a-847f-c1824d43552f,minecraft:experience_orb,true,Experience Orb,[null]
6.239712014550743,64.0,-129.66480175921632,7d6ff3b1-c70f-4367-8a5e-e84b28234ff6,minecraft:experience_orb,true,Experience Orb,[null]
4.281370581604486,64.0,-133.02998995006718,95ff584e-97c0-42ec-9607-6487214cc3d0,minecraft:experience_orb,true,Experience Orb,[null]
-101.5759635586731,49.0,-199.30000001192093,71013800-7f36-4b13-9e9d-ff002e5e598d,minecraft:drowned,true,Drowned,[null]
-24.474315888250167,11.0,-245.0063041315863,acea568e-6f9c-4e92-8114-7de45f1f6a64,minecraft:item,true,Raw Cod,[null]
14.9329302152817,62.36488710981329,-156.2107659450579,797d0290-3a3a-4b53-ad54-b75e0912496d,minecraft:experience_orb,true,Experience Orb,[null]
-69.91170852261097,69.0,-35.95541011433927,74006243-8c37-41a1-9f9b-32775ac36171,minecraft:item,true,Egg,[null]
-59.13854806227786,68.0,-33.44845080785693,23ca613a-8e0c-441f-9d23-b4e5d75c890b,minecraft:item,true,Egg,[null]
109.30225100062886,64.0,-85.62901938723807,6bbb43a1-40b9-4dc3-a0b4-6045ccf35554,minecraft:spider,true,Spider,[null]
45.47269341615144,65.0,-241.80513233121212,bc62b8d9-0deb-4dcf-8051-4af2bffdbefd,minecraft:skeleton,true,Skeleton,[null]
-14.73986298367877,73.0,-149.06684510147542,1d998b1b-df5f-32f2-a0b9-bc37678108bf,minecraft:player,true,ThyDZ,[null]
-38.07409550505818,67.0,-152.5002248520881,742be276-0592-4b1d-9482-b402d29c2e98,minecraft:zombie,true,Zombie,[null]
97.8909500032127,43.127664022938966,-117.30654426663209,b733cd4e-0af4-4d9d-9d40-cbe99dc5a818,minecraft:bat,true,Bat,[null]
-35.549726532542664,60.95978056576562,-250.40134707066971,404adfed-c0c6-40a7-8728-ab4336744373,minecraft:cod,true,Cod,[null]
-89.19045423786599,56.24020180284996,-85.36890800221059,fb397bd8-062e-4c31-beaa-4a0394b54365,minecraft:cod,true,Cod,[null]
4.5268102449514505,35.0,-174.17802089777766,b765382e-1cff-4d70-97e5-20900ed464c0,minecraft:zombie,true,Zombie,[null]
96.35801470942533,62.0,-219.32682211541714,69803483-8726-4187-9a6e-02df6509b647,minecraft:skeleton,true,Skeleton,[null]
63.47337654703487,70.0,-159.28011981642754,62ca20db-b288-402c-bd4d-b4ca61764572,minecraft:skeleton,true,Skeleton,[null]
-9.5,65.0,-178.5,8500dce1-4c67-465e-9ccf-673be638073b,minecraft:zombie,true,Zombie,[null]
16.319865231303012,48.0,-267.93512710904463,4f4db0d0-3bec-4354-9893-5bfb4a91809f,minecraft:creeper,true,Creeper,[null]
8.985740389079666,62.63860772214733,-151.125,0502878f-dee1-4493-b14d-871c7a77b4f6,minecraft:item,true,Raw Cod,[null]
13.012542267212021,62.397992761422685,-152.125,7ae4fac6-7e51-4e1e-b1c0-4a811c4d6f91,minecraft:item,true,Leather,[null]
14.149867302979125,62.718203241626355,-153.5943695839366,d3a74a55-5418-4aef-9a5f-143a4c2d4608,minecraft:item,true,Raw Beef,[null]
15.553257814708088,62.383351989747176,-156.75,dbd40307-05cb-4b84-88e4-11523a9d526a,minecraft:experience_orb,true,Experience Orb,[null]
-14.550000011920929,69.10000002384186,-161.69999998807907,bfe90248-06fc-4632-a30d-309106e489dd,minecraft:spider,true,Spider,[null]
62.5,28.0,-244.5,4c860313-b212-4bae-a163-351197d0e48c,minecraft:creeper,true,Creeper,[null]
-41.25,22.100000023841858,-78.25,08e96ba4-2bf3-4f19-9f5b-38b7851eb819,minecraft:bat,true,Bat,[null]
61.24999999999998,16.100000023841858,-245.75,f16c8513-48dc-4c40-86a9-71215f2f2274,minecraft:bat,true,Bat,[null]
8.494921329245843,36.02766399909711,-277.4993722000624,09e78a4c-0392-4382-a266-da349e11e536,minecraft:bat,true,Bat,[null]
-0.8557306836284313,64.0,-161.91624536214928,641ed17a-b877-45a5-bb1f-7afc5eca9f49,minecraft:item,true,Leather,[null]
-0.4142677819375633,64.0,-161.7585811912783,02ceb34b-bec1-47e3-8e3b-9f2addce22e7,minecraft:item,true,Raw Beef,[null]
103.5,43.0,-128.5,94c1d5c2-03af-4816-8efb-de4223d2b341,minecraft:zombie,true,Zombie,[null]
100.5,43.0,-127.5,14f8b82e-0336-4a85-bcfb-e0689d61ed5c,minecraft:zombie,true,Zombie,[null]
-69.58649430783228,11.0,-232.1721709673018,07d4757c-6709-4e58-ae8b-ff5a3f64ef36,minecraft:zombie,true,Zombie,[null]
-62.40489889647829,68.0,-38.37074636327079,cd8b1f7e-d327-43f0-b14c-df6754c9aaf5,minecraft:item,true,Egg,[null]
-79.85809330282869,61.0,-160.875,d600f0ab-5792-420f-b3e9-7553e7692021,minecraft:item,true,Egg,[null]
-44.7018978240699,15.0,-140.50088707369426,01e575a3-3d6f-4315-9c2b-ea87a1f03452,minecraft:enderman,true,Enderman,[null]
-53.20045845552222,17.0,-128.5171846654369,1998e112-cb30-45ee-8502-058a443fcc2a,minecraft:zombie,true,Zombie,[null]
77.54774501554039,57.396919227493186,-187.25731307170963,09266afb-20a3-4b6a-b75b-da80aec76aef,minecraft:bat,true,Bat,[null]
22.843270785771956,69.0,-229.68025086943854,133ea624-6abf-429d-aea0-a9da097e4979,minecraft:item,true,Egg,[null]
-54.26944175385374,61.0,-158.2974247917963,cc8e69c8-6563-49e1-88a1-64bb675f3d46,minecraft:item,true,Egg,[null]
46.5,31.0,-233.5,1260a4ed-ef2b-43e0-98ce-2a08e6c0f261,minecraft:zombie,true,Zombie,[null]
25.437961274075153,12.0,-234.58050570388608,84499ca7-9f10-46ed-a354-679990996513,minecraft:skeleton,true,Skeleton,[null]
18.489832080381973,12.0,-234.3148852397165,ccec2296-fa85-4b20-bbd9-096d145ad105,minecraft:skeleton,true,Skeleton,[null]
10.5,34.0,-237.5,8c82fb6e-5b32-4485-bd73-5fb9fb8f6d9d,minecraft:skeleton,true,Skeleton,[null]
8.530494257016604,35.0,-238.2115708799675,55e89ef1-8e77-41f4-8b66-cc847db8a8bc,minecraft:creeper,true,Creeper,[null]
-54.5,24.0,-82.5,a76935c4-a889-4edf-956e-95fe182ea472,minecraft:skeleton,true,Skeleton,[null]
-70.799304990917,63.0,-170.34525417500276,22a2b37c-0764-4a77-88f1-a0b413b09a96,minecraft:item,true,Egg,[null]
-113.71038690768182,60.57734870258719,-137.33263675123453,f38e4d1a-a24d-483f-94d8-44c295307bc9,minecraft:squid,true,Squid,[null]
-117.37273664005616,62.59418997369915,-145.66755150237037,58cee454-6952-40cc-911e-a88fc9c0dea7,minecraft:cod,true,Cod,[null]
-34.760730168422704,59.04556266101545,-245.93067364124772,e0db2e19-fc6b-4d53-8494-218e2a8a0577,minecraft:cod,true,Cod,[null]
-33.227724257645484,58.002030473544174,-245.55220171718898,f9091f94-d0fb-46f1-a91d-77b1ce769a11,minecraft:cod,true,Cod,[null]
-31.491190014089174,53.87417029716411,-234.4092085582433,7e62b0fd-228c-4c69-844d-eebafdd18588,minecraft:cod,true,Cod,[null]
-64.07436253674858,61.97617172753555,-82.29918366368682,d1f9cd67-42f6-4d22-bbbc-e3ed4d07e89f,minecraft:cod,true,Cod,[null]
-63.60743494681097,61.97119790062624,-81.5105624604469,de9c2e67-70c2-4ca9-ad37-8e460d40bc47,minecraft:cod,true,Cod,[null]
-61.70137719828993,61.04794035009303,-82.1938618242824,9a99ae44-45b6-45f8-a1e2-3fc7f744196f,minecraft:cod,true,Cod,[null]
-61.11310707141159,62.760672799394975,-81.19093745672424,72d2d373-4928-4a4f-bb3d-1c4a0c37f167,minecraft:cod,true,Cod,[null]
-34.458397120021374,60.545986877639244,-277.54615168047604,47742380-7200-4033-91f0-716f15e3376a,minecraft:cod,true,Cod,[null]
-34.5776651036467,60.057908881620676,-278.749007850081,5da4f1bc-1a68-4af8-83ad-b39cc197b7f8,minecraft:cod,true,Cod,[null]
41.5,33.0,-202.5,c285b916-c9b8-436e-bbf2-6fa3ba72fbe8,minecraft:skeleton,true,Skeleton,[null]
4.330745604940555,64.00700697602448,-148.96196538460975,fc2d98fd-7855-4600-99cb-a193b02faaaa,minecraft:spectral_arrow,true,Spectral Arrow,[null]
21.20106234345498,69.0,-233.1767871856901,89f6fcf0-703d-49c4-a91b-60e1b4b7e8e5,minecraft:item,true,Egg,[null]
45.64419704211265,23.0,-232.49999502970994,01576d62-ac89-4097-96e0-1eedf70bd20e,minecraft:zombie,true,Zombie,[null]
51.17709795639966,22.0,-231.47041178499984,ca85f52b-e47f-417e-9179-d168f869379d,minecraft:zombie,true,Zombie,[null]
-89.06659849510126,51.11941035314225,-128.15035410638018,d0a7b4d5-6232-4717-ae83-e635c756eb6c,minecraft:bat,true,Bat,[null]
60.5,39.0,-211.5,90ed48d5-e6a7-4eef-bdcb-b49509403055,minecraft:zombie,true,Zombie,[null]
58.5,39.0,-209.5,72a2d951-0565-44cc-93ea-17d0426a2d7d,minecraft:creeper,true,Creeper,[null]
43.864276418067185,32.10000002384186,-231.35731307319975,e8607cc4-83d9-4799-bd6b-2e0530052759,minecraft:bat,true,Bat,[null]
29.249999999999993,25.027984397566236,-243.75,f12e8fc9-49c5-41d4-bbc3-36320e869310,minecraft:bat,true,Bat,[null]
28.5599455110867,24.675340884052698,-241.5874259414893,cb55748f-6a04-4726-8a3e-7d1cb19de948,minecraft:bat,true,Bat,[null]
34.5,18.0,-183.5,7342f923-7a61-4dc9-8eee-c45dc3e78215,minecraft:zombie,true,Zombie,[null]
34.5,18.0,-182.5,eb670ad1-e49f-4722-b936-f355fc910f24,minecraft:zombie,true,Zombie,[null]
32.5,18.0,-183.5,f6054b96-d55a-4540-ac7c-ceb7a3a77586,minecraft:skeleton,true,Skeleton,[null]
-1.3761801475608129,64.04649464049385,-150.28389271016786,c90d314c-8be2-41d9-b64d-ee17a09fd40c,minecraft:spectral_arrow,true,Spectral Arrow,[null]
-1.4731195160418298,64.04457894788035,-150.16887655322412,441e9d5a-9568-4154-a02a-e319131c63d3,minecraft:spectral_arrow,true,Spectral Arrow,[null]
65.3800230461116,65.0,-83.41260413650895,99c7a10a-5a92-4048-aa66-8bd27ca3b147,minecraft:item,true,Rotten Flesh,[null]
-1.0609535416494686,64.0439941408048,-149.55072505497486,e8f2bbac-14e6-4016-8e95-6b663b7f65a6,minecraft:spectral_arrow,true,Spectral Arrow,[null]
18.545048515826508,63.0,-194.13159560418336,d3a0c892-a7f9-4705-be92-38c211a61b17,minecraft:item,true,Rotten Flesh,[null]
16.5,49.0,-257.5,4933e70a-a74d-44bc-9983-36d3f5771911,minecraft:skeleton,true,Skeleton,[null]
18.5,49.0,-252.5,c3eaf593-67a1-400b-8489-10960ee3cfbd,minecraft:zombie,true,Zombie,[null]
18.5,49.0,-253.5,ed6b9697-95d5-4e7a-8eb0-a7e307b6b451,minecraft:zombie,true,Zombie,[null]
17.5,49.0,-258.5,7c12e18a-71eb-449b-aeda-fc04671f9f47,minecraft:skeleton,true,Skeleton,[null]
24.222013217436405,33.0,-142.77799452642313,5d5f7d46-3bda-42aa-9bfd-451715a880a4,minecraft:zombie,true,Zombie,[null]
10.090066744354893,34.0,-246.16338548216004,9d26c909-8290-4196-9542-550b8cd316c9,minecraft:spider,true,Spider,[null]
112.14818961335742,48.0,-115.90281217696521,30ecee49-c6ec-4a6e-b87b-599d1033a653,minecraft:zombie,true,Zombie,[null]
112.71667650774809,48.0,-115.25301597644642,d776d705-be52-407b-b257-af968e57acf8,minecraft:creeper,true,Creeper,[null]
44.5,37.0,-239.78238171061403,fcf88eca-1957-4eca-9d21-d5ad815875d1,minecraft:skeleton,true,Skeleton,[null]
10.248547262139798,33.0,-112.80357353963394,f2d7be0f-23b0-48df-8b49-3dd561e9e795,minecraft:skeleton,true,Skeleton,[null]
8.5,33.0,-113.5,595bc5af-1788-4291-ab1e-69ee846904ec,minecraft:creeper,true,Creeper,[null]
10.54529880448225,35.80712069119771,-241.29385897228502,b1f3712b-95e9-422a-a5f0-bbbc07c3b48c,minecraft:bat,true,Bat,[null]
27.76337421890829,48.090459395935845,-244.91738494698825,2e68391c-0e53-46a4-93ec-c4abc6df550a,minecraft:bat,true,Bat,[null]
17.20950274322911,49.97735100080274,-265.3754820711004,b3dac10e-585f-4371-b8b9-1b3d874013d1,minecraft:bat,true,Bat,[null]
2.5,31.0,-62.5,40d19fbb-be82-47f8-a20d-6f44487181ed,minecraft:skeleton,true,Skeleton,[null]
38.50030667138952,36.46170015710689,-92.75,1f2ff544-eaaa-487b-a096-577a19521f07,minecraft:bat,true,Bat,[null]
36.25,37.10000002384186,-92.46527850352021,d447e4e5-8fce-4f53-91a5-4909d84971bd,minecraft:bat,true,Bat,[null]
34.75,35.27057534790869,-92.75,35adee6c-3f2f-4fc8-88fc-a9c36a9fd10f,minecraft:bat,true,Bat,[null]
64.85428206406092,22.0,-256.14334030604596,4271a3c7-c6d3-4dfb-9bde-3c70f8685d2d,minecraft:creeper,true,Creeper,[null]
20.699999999254942,36.55795343742559,-281.29377555491277,2ca438db-ca6f-4cb0-98e0-17b3fc0ff092,minecraft:bat,true,Bat,[null]
16.796859717124754,20.0,-183.24878460112907,6a4d9248-f064-40cc-8190-17f3ef714546,minecraft:creeper,true,Creeper,[null]
16.036516959730875,20.0,-182.44970390031585,053e2bbf-56a5-44a6-aa7d-62789a3b9d64,minecraft:creeper,true,Creeper,[null]
58.26859598870997,44.0,-265.5117624542611,2f44537c-8f32-44bf-83d2-3cb9abcd831a,minecraft:skeleton,true,Skeleton,[null]
42.334040557747784,34.0,-97.50938292254449,b84b1c25-0acf-4aae-941c-19bb8985cc55,minecraft:skeleton,true,Skeleton,[null]
89.45051633264691,36.0,-154.19640844621748,5997c4a4-1230-44f2-b2ed-9592fec67e95,minecraft:zombie,true,Zombie,[null]
-11.5,16.0,-174.5,096aa7a5-785a-4e94-bd63-d0887cf2dc51,minecraft:skeleton,true,Skeleton,[null]
9.499588000506705,54.0,-62.73025988662583,c4edd44e-2eaa-48ea-b339-ff84e80888ec,minecraft:zombie,true,Zombie,[null]
0.5,54.0,-70.5,2636e82b-e9b8-458b-8648-743cd2d6fdbe,minecraft:zombie,true,Zombie,[null]
-16.54546772794307,73.0396651767687,-151.00083523223554,8867dacd-c298-4e3c-b9f9-2a93f025de91,minecraft:spectral_arrow,true,Spectral Arrow,[null]
-33.69226149308468,61.0,-157.20158209754928,94d52f5b-259d-451d-9e4e-5abda428a701,minecraft:drowned,true,Drowned,[null]
16.9743112669712,69.0,-232.44279192268874,f7584051-eac4-4de7-96f3-321e743b16ff,minecraft:item,true,Egg,[null]
79.74107080717069,56.0,-128.80344533268257,3c1cbe8a-68b0-4d17-8fea-082d35395905,minecraft:zombie,true,Zombie,[null]
83.5,54.0,-139.5,0b642552-72bd-4507-8f7e-08674c5dab29,minecraft:zombie,true,Zombie,[null]
15.845218710274342,33.0,-56.215109309087,69a908b2-fac0-4960-a02b-77869835f078,minecraft:creeper,true,Creeper,[null]
-28.294090838280308,64.04199480234256,-158.84781318095773,c7c76d3a-bfcd-419f-87c6-c94977d4e801,minecraft:spectral_arrow,true,Spectral Arrow,[null]
-3.7341258905697847,64.0,-180.6941733603663,1b7e8696-8a26-4132-8612-8106ee29abac,minecraft:item,true,Arrow,[null]
-3.659185964457122,64.0,-180.4762645997937,6d02326e-84f1-452b-a9ae-021eb5a0c031,minecraft:item,true,Bone,[null]
27.49752666943298,14.0,-236.29018252571387,09f1f912-18ba-4fe0-9c35-843d87ca4e5c,minecraft:skeleton,true,Skeleton,[null]
24.403706659575693,11.0,-230.03444022371914,75c9e6d2-b372-4660-a29c-375293c53071,minecraft:creeper,true,Creeper,[null]
22.4598038105155,12.0,-232.18801724315847,689a771f-76e1-4d64-8a5f-ab90ce87d619,minecraft:creeper,true,Creeper,[null]
43.16991686154382,31.0,-258.52905898784195,35801e84-839e-40a4-841f-318d11fd98e7,minecraft:creeper,true,Creeper,[null]
35.69999998807908,21.076836437775505,-257.30000001192093,7741c50c-49ed-40a6-b1f6-6c567598224e,minecraft:creeper,true,Creeper,[null]
-27.935507484464342,64.04602457529882,-159.58722961057057,67d94f0a-b1c5-44d6-bdf7-835bc5df139f,minecraft:spectral_arrow,true,Spectral Arrow,[null]
11.471391778261415,67.0,-212.48283786434757,b70c638c-db48-4585-886c-743e0ffbeedc,minecraft:item,true,Egg,[null]
-15.432937297879333,65.0,-188.82304991410956,99f1d379-b78e-41cd-bf7e-75237f674fe2,minecraft:item,true,Rotten Flesh,[null]
0.5,13.0,-88.5,b08acaf3-bb46-49ce-bcbe-f0d139ea832e,minecraft:zombie,true,Zombie,[null]
105.26844149523532,44.0,-127.51704831725351,4f1e65f6-d494-4715-9660-d429d98f46a4,minecraft:skeleton,true,Skeleton,[null]
26.57113113415214,22.0,-172.84326693865916,d1bba66e-fa4c-4173-b66d-7a8035eae549,minecraft:creeper,true,Creeper,[null]
-62.75048655805663,63.0,-168.80693310501115,e0ac949d-9ab7-4241-8f6a-4956e88a8c01,minecraft:item,true,Egg,[null]
48.48759456666658,14.0,-245.25427142830102,df2c1b1b-8e0e-42ee-b447-925af2fecf22,minecraft:zombie,true,Zombie,[null]
30.800392148172527,25.0,-243.4475162142211,1085efda-925f-42a3-95e1-3de06efdfd76,minecraft:zombie,true,Zombie,[null]
32.17762906686754,24.0,-242.52433825511946,510c550c-6e8c-48aa-9083-e25572207c1b,minecraft:zombie,true,Zombie,[null]
-96.62722682626486,51.495770591717644,-235.49934874806556,163ad996-fcc2-4831-b251-b77c12f67366,minecraft:cod,true,Cod,[null]
-97.52083363582432,51.0,-235.00067556166104,5d3143ff-0c7d-4240-aa4f-15a068b9c036,minecraft:cod,true,Cod,[null]
-97.48349487374291,51.0,-236.16248757118862,f7081a07-e521-4b3c-9d31-c6181ba7e898,minecraft:cod,true,Cod,[null]
-96.70778271471914,51.0,-236.31939157344792,c8377fe5-5dec-457c-8ab6-f1ad8748827b,minecraft:cod,true,Cod,[null]
-96.19669842863937,51.0,-236.87078479084886,84348724-f575-4460-bf6b-6ef8a8a37035,minecraft:cod,true,Cod,[null]
-96.3709797740229,50.67345590429259,-236.7316630763068,fe1f4fc8-1733-4747-8ab2-a0d1d96b085b,minecraft:cod,true,Cod,[null]
-100.37329528904495,55.98757390663458,-241.72601822380653,ec760289-89b7-4e0e-b380-456e56e8cab2,minecraft:dolphin,true,Dolphin,[null]
-97.48284674243669,55.42756733272799,-222.47007794321908,69462e9e-de9e-4124-8d58-fd3d490ed98f,minecraft:cod,true,Cod,[null]
-98.44526111232464,55.08159846408256,-222.5035834112935,2b359bf6-0a48-428b-ae6b-e6dabbe96251,minecraft:cod,true,Cod,[null]
-97.49417017579879,54.19313010246669,-223.50074766019125,2c8857f3-3b1f-49e9-b5cd-064216c763c2,minecraft:cod,true,Cod,[null]
-90.76666813339463,54.936201893551015,-222.27545547887357,13ea15c8-e7bf-4b74-bc55-5b65c48623c8,minecraft:cod,true,Cod,[null]
-91.25912175688435,53.992523718859054,-222.8707759765792,265c7f09-2a16-415f-81df-77f62988de41,minecraft:cod,true,Cod,[null]
-91.87072338786407,53.98362200658297,-222.36306730338484,9fc4a099-132f-41e7-a6b8-c7ba62cb0db4,minecraft:cod,true,Cod,[null]
-90.56883685557733,52.85620408312083,-223.52267858058687,54d04822-7f1f-48f0-96e8-67e21d63f6d4,minecraft:cod,true,Cod,[null]
-92.44281213011482,53.0,-223.40035801995333,99997a3b-e29b-4a87-8feb-0d69edf4d05a,minecraft:cod,true,Cod,[null]
-122.69224780323921,59.709018417596724,-134.02207349633554,df239c2c-314b-40f9-b722-401bd35e42cc,minecraft:cod,true,Cod,[null]
-122.27091160579936,58.82895565697479,-135.1752797130834,1160ef35-b860-43f0-9b7a-e88f0e3b850d,minecraft:cod,true,Cod,[null]
-122.58614304981506,59.521318596873705,-135.9044681368974,e4bfac85-6a29-443a-9df1-b756b3e6ce16,minecraft:cod,true,Cod,[null]
-123.54009272160887,59.48693445265822,-136.51202944444407,60e874e0-fe78-48bb-8911-0d10ded63b5d,minecraft:cod,true,Cod,[null]
-125.58754683863735,57.73360612504044,-130.49991580601503,36378cfd-14db-485f-8b8b-149707a91c67,minecraft:cod,true,Cod,[null]
-126.66066596226699,56.91912984641014,-132.4067721070366,2e79fce8-cdaa-452c-a43b-47db011e505c,minecraft:cod,true,Cod,[null]
-127.50345859708413,57.1935030272261,-131.681600694537,e8d8fd3e-602d-4fa6-a0e1-3987de43498b,minecraft:cod,true,Cod,[null]
-125.36970066362282,57.28150997879576,-131.57366311266912,34bae3d6-1bd5-4bff-8357-c781f6410a2d,minecraft:cod,true,Cod,[null]
-62.5,59.515120990305675,-129.61643092417756,38fd32ad-dc4e-4fd3-ab83-18af2a021b23,minecraft:cod,true,Cod,[null]
-63.494615920085685,59.28610381083516,-129.55849956317275,4da7d036-dec8-4941-b408-c1ceb71cbca4,minecraft:cod,true,Cod,[null]
-60.61884873812137,59.468285564322294,-119.74412825927156,14828f3d-1306-4aa2-a722-f2f004838215,minecraft:cod,true,Cod,[null]
-59.83630576020412,58.971148851819194,-120.81616263802569,aed44656-f011-4b97-9e85-098d995b1825,minecraft:cod,true,Cod,[null]
-60.55023697609119,58.95229596924623,-120.68481469366951,87e69c86-a701-4f68-a0c0-825544cd847b,minecraft:cod,true,Cod,[null]
-57.19810071864618,60.945004300452204,-120.47901478018962,83c168b8-faf2-490f-b060-ee6825827527,minecraft:cod,true,Cod,[null]
-59.80187252641504,60.412459430226846,-121.41305061358412,8015591b-2bfb-4f88-b9af-73ddb6b6a9bb,minecraft:cod,true,Cod,[null]
-59.23564450329077,60.3461477621395,-121.83309050502146,a7e6d517-b42e-461f-8750-9fe500fb3ca3,minecraft:cod,true,Cod,[null]
-125.4906293030371,57.31818986983219,-173.50454157919773,f1f53373-5726-4274-af04-27e68107aa78,minecraft:cod,true,Cod,[null]
-125.32693218803611,56.979377168739916,-175.7923297856015,1e444aa7-743f-432e-a15d-7326eee627b2,minecraft:cod,true,Cod,[null]
-124.98225849883427,57.00482052054671,-175.04515639659843,e6a97a5c-ef5d-4c04-9c46-a3271778538f,minecraft:cod,true,Cod,[null]
-125.50666253117018,57.09003592485727,-174.44778893747775,74162b63-a4f6-4236-882a-f6e3958d1c3e,minecraft:cod,true,Cod,[null]
-128.73397980406634,57.93011176949943,-173.37214156800667,de644e06-6ebe-494f-b4dc-848406326667,minecraft:cod,true,Cod,[null]
-129.27738487912703,57.03255690557894,-176.12649810522348,f459a4cc-a3ee-44c7-82ef-2eed21a59adf,minecraft:cod,true,Cod,[null]
-128.46119335528135,57.054989934021684,-174.53361317559728,83a8523f-a396-4db2-ae9c-cb529fe30285,minecraft:cod,true,Cod,[null]
-129.52921433658176,56.93797230163756,-175.4863248912073,1ee0c533-6b01-4597-ae36-fa312466f99b,minecraft:cod,true,Cod,[null]
-143.3148055339501,47.986026148149605,-181.16115626336256,93408a66-eb06-4b06-a77f-083f920f99d2,minecraft:cod,true,Cod,[null]
-106.50020989910635,55.90313943330146,-89.37230564139233,6d193025-e86c-4e6d-81c5-36ff9e8e885e,minecraft:cod,true,Cod,[null]
-107.49956693806718,54.90681953812401,-91.5808366984692,2127bc3f-4a04-4da9-b9e1-bded49daaae3,minecraft:cod,true,Cod,[null]
-99.41244861953867,53.85653939291222,-91.5,08022de4-d2d9-4513-a72a-817697f7da61,minecraft:cod,true,Cod,[null]
-100.36434626412678,53.14040567737205,-93.49790575108965,9ada5f97-f3c4-4178-bb4a-cb0e8d39d9fc,minecraft:cod,true,Cod,[null]
-101.49018486618225,53.17516200370266,-92.50590190631887,c1b6846c-d96d-4a33-87b6-02def85714c4,minecraft:cod,true,Cod,[null]
-109.66840319096117,51.96123003825155,-99.48867377089543,477d175f-d05b-4ec7-a52d-f183e2041f50,minecraft:cod,true,Cod,[null]
-47.24637669328156,59.90487354109964,-241.50005815495675,a4a14ad7-ff55-46f0-9f3f-99f9c8dbceb6,minecraft:salmon,true,Salmon,[null]
-50.5,59.07000000000055,-245.5,6a9302ba-46b5-42bb-a62a-51f8fa62e4a7,minecraft:cod,true,Cod,[null]
-51.284028919454904,58.57110125387594,-246.71712171938586,0e27a66f-e395-4c8d-a562-8ccfa687774f,minecraft:cod,true,Cod,[null]
-50.36333426613268,58.51846960901812,-246.33522175779916,cf01f67c-f26d-42d1-b59e-b3d43d22b77f,minecraft:cod,true,Cod,[null]
-51.19813810679043,58.517474475610655,-247.51463719889634,ac2f25c6-c968-44da-91c9-bd89dc388aa4,minecraft:cod,true,Cod,[null]
-51.496440608327,56.15861492838726,-246.743962011063,2dbee4c1-18ca-49a5-b3e2-e95c6f04c910,minecraft:salmon,true,Salmon,[null]
-30.246374536091487,55.03610503187308,-233.5,162f90e3-76e6-491d-9bf1-b1f75873e11c,minecraft:salmon,true,Salmon,[null]
-30.82875482593634,59.52518543895636,-242.22795485926065,d4d98628-3945-458f-bb4a-f00d2d126e2e,minecraft:dolphin,true,Dolphin,[null]
-32.251518876824036,53.45150746670882,-245.97235893241597,ebb74d5d-bc22-404c-ac1d-b45bbdbaf4a6,minecraft:dolphin,true,Dolphin,[null]
-33.44398368658353,54.30618701678816,-236.3478294837173,f697f65b-a367-43be-a423-1ca4b08a0753,minecraft:cod,true,Cod,[null]
-35.535817175318094,54.449571000539436,-237.5084175538535,44a1a439-d726-42bf-a5e8-6d0704b98ee4,minecraft:cod,true,Cod,[null]
-35.48094117450236,53.59847935479296,-237.6206252208762,96bc71ed-2d2b-489d-a30c-eec7d4b5e9a4,minecraft:cod,true,Cod,[null]
-32.55600093725464,53.95240997239786,-238.9848783835421,12a17f6c-39be-41ea-9fe3-6cf3085d22a7,minecraft:cod,true,Cod,[null]
-24.673146934167626,58.029653604165226,-239.50385941009878,01c8e0a3-eff7-4041-9571-de28e4f9a404,minecraft:cod,true,Cod,[null]
-125.04042327042538,59.57168955066292,-87.88095513449542,ab08179f-d2b2-452d-870c-73461f8328c0,minecraft:dolphin,true,Dolphin,[null]
-126.41145648062229,61.644600342493504,-93.71208468684927,35d25576-d4f9-41d7-bfb2-fefbe2397da8,minecraft:squid,true,Squid,[null]
-141.58517740553555,49.87313737834633,-169.3873385727256,ab6e4b7d-b8ad-4481-b916-79ad857d5899,minecraft:cod,true,Cod,[null]
-141.43414373065644,49.79192905740983,-170.25473815018543,685dbce5-78a5-4f62-afb1-9ae316f2bfe4,minecraft:cod,true,Cod,[null]
-142.5523867759839,48.67698891387287,-171.69142923917374,cea433dc-389e-4e40-b4ce-3d33022736f3,minecraft:cod,true,Cod,[null]
-55.6233409241777,56.94650132650379,-74.42786647676272,bf9a3d78-89db-4382-abb7-ef51af7db574,minecraft:salmon,true,Salmon,[null]
-30.50455498504473,57.90812072096759,-250.50937114635653,d2c663b1-f76f-4594-a97d-8eba7956c2ef,minecraft:cod,true,Cod,[null]
-32.67557988414008,57.217119832133555,-251.9409473202458,37bd4300-5428-43db-821b-c1c07e8804a4,minecraft:cod,true,Cod,[null]
-32.127379375850936,57.34201772846528,-250.8447501099222,50f4fb44-3902-4509-a165-3fc728191ce3,minecraft:cod,true,Cod,[null]
-31.516952915424348,57.93948221830786,-246.52980795256437,22c102b8-e217-468f-bc9e-5e4f7f34034f,minecraft:cod,true,Cod,[null]
-33.527606894621286,56.978957930229036,-247.66860409966753,d2c925b6-63ca-4ba1-8f1d-dde950dbc4f3,minecraft:cod,true,Cod,[null]
-36.49933992763242,60.85438090360201,-247.41301703377172,5596a977-0fa4-40d7-b583-857eab52ae83,minecraft:cod,true,Cod,[null]
-37.175335567371064,59.88924231436342,-248.62361786268113,d51867cb-af4f-4770-8e43-63ef789d3b18,minecraft:cod,true,Cod,[null]
-36.08530408016047,59.81176176572397,-248.51127183053543,5fe86f27-f617-4e0c-a726-425a73803c0d,minecraft:cod,true,Cod,[null]
-103.86262142932544,60.010529133867735,-238.55635194315767,27e6dfa2-c894-4b4a-be07-5b7cda2baa43,minecraft:dolphin,true,Dolphin,[null]
-108.47133766106514,60.144980998321614,-243.47070144806065,6aace815-edcd-494b-b8e3-e305cd158359,minecraft:cod,true,Cod,[null]
-105.55505268637438,59.33930746651234,-241.91803702635784,e94b91a2-fe6a-4841-afec-be414cc32dd8,minecraft:cod,true,Cod,[null]
-106.60158750561162,59.38007831290081,-240.99143718070283,83e47088-81d2-4d57-a9c5-249dfa20a795,minecraft:cod,true,Cod,[null]
-108.48746116686648,59.84035360919115,-242.0827179300321,2f76a1e1-fb90-43ed-8d53-bb093e2a0829,minecraft:cod,true,Cod,[null]
-96.45669452570581,56.79489778557979,-234.22200960565675,ea371151-9b4f-4ade-bc94-043d38f33ee8,minecraft:cod,true,Cod,[null]
-98.63839718865484,55.949948123024086,-235.58048807710358,6b1453fc-0a20-4393-829d-4ebd5c059a48,minecraft:cod,true,Cod,[null]
-98.09315972613179,56.350599677196286,-235.5083258960892,cb85a8c9-b787-4550-893f-ad41370a55de,minecraft:cod,true,Cod,[null]
-45.589730858802795,61.29038326580219,-266.58745047450066,d836b5d0-3d07-435d-8c5e-3c41ec329191,minecraft:squid,true,Squid,[null]
-40.19139858847484,61.93611469337983,-260.6637837793678,f7155ae9-9c62-4973-b226-8d2b6f019b64,minecraft:squid,true,Squid,[null]
-36.92302069161087,62.49808556466917,-264.9421091955155,2ff8ec60-43bc-4647-830a-54d714744b8d,minecraft:squid,true,Squid,[null]
-42.065817513503134,61.31619079038501,-264.8633743445389,38648fae-94bf-4d01-9c76-e168a7ac717e,minecraft:squid,true,Squid,[null]
-115.54128881718664,60.672781179212286,-215.5372935148088,140208f1-27c5-429e-ae3d-9cb6327d89e7,minecraft:cod,true,Cod,[null]
-117.87728032669972,59.925813027914984,-217.0304707563313,123a6890-79ec-436f-a4f3-261c416b243b,minecraft:cod,true,Cod,[null]
-117.17263621916535,59.455180315435676,-216.61732484238638,a8f56fdd-5686-4fe1-b89c-12a495a73400,minecraft:cod,true,Cod,[null]
-117.00031814098631,60.11375448802735,-216.02705748999472,05e4aec2-74dc-4606-83fc-69ca0a47f7e8,minecraft:cod,true,Cod,[null]
-117.82285729676201,60.35678233229819,-216.71811275204112,15d5a2ae-346f-4c49-bcf4-961c86284185,minecraft:cod,true,Cod,[null]
-123.46895862500094,61.961703553164,-211.45105506641215,562c44f1-46f4-4ad1-948f-6910e8dee21a,minecraft:cod,true,Cod,[null]
-121.86474575275527,59.095527836498874,-235.0876592499564,a7c65b4c-14e1-45d7-91ba-0524894dcecd,minecraft:dolphin,true,Dolphin,[null]
-25.5,57.036458473182726,-274.2463745360914,91b47df8-1aca-4cc4-af6e-caea48207e92,minecraft:salmon,true,Salmon,[null]
-90.60216887999835,56.923646381385815,-94.49961672472676,46b8db3f-3076-4dfb-80a2-a89a7e1bc169,minecraft:cod,true,Cod,[null]
-90.76419136074244,55.71443490539366,-95.93056874260836,fbc7c6a9-fa4e-43ec-b4ee-6aa6bad18928,minecraft:cod,true,Cod,[null]
-91.29484461016817,56.175768170336994,-96.36575854057418,6c68cdb1-12b3-4499-bef1-404ec1e6dc05,minecraft:cod,true,Cod,[null]
-91.76196006485874,55.91467573096698,-94.89712887171419,f53c5d79-d2fb-4078-8f3b-66f8934bfb30,minecraft:cod,true,Cod,[null]
-89.57119005023608,55.90947562054144,-95.40732765086229,59b0ad1f-b33f-4980-8cac-c50ddafd2879,minecraft:cod,true,Cod,[null]
-89.41660552191128,56.303752645841385,-93.42391871426469,ed3a7941-04b0-4dbf-a504-fed11b49cdc7,minecraft:cod,true,Cod,[null]
-93.61560370223398,54.97339776919222,-99.50065076533929,dd305c6b-0072-43df-b05a-049fc83b5ee2,minecraft:cod,true,Cod,[null]
-93.47128061495494,54.18006259220153,-100.69265558862864,3325bfa7-e1ab-4487-84fd-4f676040fa3a,minecraft:cod,true,Cod,[null]
-82.55732635967765,46.171565255430046,-260.4963446606553,9ca2894d-cb5c-49a0-b052-a1a7618ca932,minecraft:cod,true,Cod,[null]
-83.5,57.07000000000055,-256.5,4ed741a9-1b6f-4cb8-ac6d-49708bd9288b,minecraft:cod,true,Cod,[null]
-83.29449397511587,56.59063641302982,-257.9340125026826,31ef4570-c0cb-4c50-baa3-be0707dbd462,minecraft:cod,true,Cod,[null]
-83.63450138907457,56.51786278438172,-257.0996836451794,0bd5864a-9536-40b4-9675-424b00f6264f,minecraft:cod,true,Cod,[null]
-84.50013123822805,56.539241132372965,-256.49879443420076,b0b8515d-536b-43ad-9995-af10346835ab,minecraft:cod,true,Cod,[null]
-85.53806378328112,56.267993568579286,-257.5003224112463,279a1a5f-e6d7-4464-b12f-cc1db7b3f4cd,minecraft:cod,true,Cod,[null]
-46.709504620287774,61.52916464104056,-158.61827153470918,8ae8f18e-d4d6-4bab-a80e-3b94ecc0820b,minecraft:item,true,Egg,[null]
11.771431825087207,71.0,-257.9335148488881,1b86fd6c-633c-4a27-a9d0-f727ea76aaf1,minecraft:item,true,Arrow,[null]
12.685985091739933,71.0,-257.22142828141153,32bec17f-cead-4a13-aa50-e710bba77e55,minecraft:item,true,Bone,[null]
-41.5,12.0,-136.5,60cd8aa9-ae43-4462-bf14-6cbba8145a18,minecraft:zombie,true,Zombie,[null]
-50.98456194199786,22.100000023841858,-96.86431539726144,c0b2a83e-8000-4fa7-817f-e1ee4ac700a2,minecraft:bat,true,Bat,[null]
50.434707290204514,15.0,-241.2054686439337,1c692bcf-d4a0-4465-9fed-fc3ce61afc0e,minecraft:creeper,true,Creeper,[null]
45.5,15.0,-236.5,84fb72cf-73f7-4389-a84d-186abec202d8,minecraft:creeper,true,Creeper,[null]
-46.69999998807907,55.0,-138.49935866928269,42957059-9778-42e9-ba56-98978aea7060,minecraft:skeleton,true,Skeleton,[null]
-54.5,41.0,-143.5,badc5cac-4349-4557-b190-50ad4251e8dd,minecraft:skeleton,true,Skeleton,[null]
27.50838525894529,22.0,-172.741373535295,f4a1efdc-1c3e-48e7-835f-b438cc195dcd,minecraft:skeleton,true,Skeleton,[null]
-77.5019420042392,63.0,-149.51863681786617,8cae99bc-31f9-4c81-aa28-76d7c27049e3,minecraft:item,true,Rotten Flesh,[null]
15.674719581225112,48.0,-267.3787792029601,2a2fcd51-60e0-44a9-a116-c5f5e9e5a200,minecraft:zombie,true,Zombie,[null]
13.5,48.0,-270.5,c94d3e58-799a-457f-a85f-a89e8fbaf9bd,minecraft:spider,true,Spider,[null]
14.756756785616144,48.0,-266.8149005306891,4eb71357-fa64-4bb8-9a18-c2eca8cfe00f,minecraft:spider,true,Spider,[null]
-29.125,60.40865489547033,-160.125,910ae682-eefc-4ea4-865a-7af9505f24b8,minecraft:item,true,Raw Beef,[null]
-28.13834534051327,60.18694980578504,-161.25,2da15f73-4426-4db7-91d9-ef2da35c7675,minecraft:experience_orb,true,Experience Orb,[null]
-60.75,43.93286545819829,-144.43260622310083,22f140b9-f92e-45d2-a779-984132cc4b40,minecraft:bat,true,Bat,[null]
2.58424165510391,17.628399607942566,-50.545477350139564,20d166cc-3879-4ad6-84c7-188d471419be,minecraft:bat,true,Bat,[null]
-5.566715031858247,17.065097329000682,-51.125,3a2edadb-3908-4d52-a098-3db5b67bc956,minecraft:bat,true,Bat,[null]
-7.414206522927653,17.63909821238255,-55.25,c6afd898-84af-443c-bdb8-18ba84e1f9d1,minecraft:bat,true,Bat,[null]
-3.25,17.0,-55.498783903591985,17137db0-fa47-4d2a-9db5-f715ee7a0d26,minecraft:bat,true,Bat,[null]
55.52263724609928,31.804646032150433,-241.25,54283a52-c42c-4726-96ef-2879f614495c,minecraft:bat,true,Bat,[null]
53.97681158818039,30.55057879203588,-230.50996128458502,944ebb92-0766-41ed-ba3f-c8154a9985dc,minecraft:bat,true,Bat,[null]
55.742686928290375,32.1143498189874,-241.8536390652064,ce2657f7-6419-454f-88df-23b6f50088d6,minecraft:bat,true,Bat,[null]
53.55716854293592,30.120018950713106,-230.8394068960533,5057da82-cad2-4672-8808-332953e8a3cc,minecraft:bat,true,Bat,[null]
92.64272903729345,42.390681382852584,-159.43558284330823,f9c3b77b-a928-4879-a4f5-d59e3888aaab,minecraft:bat,true,Bat,[null]
-77.5,16.0,-74.5,f81ecc90-3776-4496-a64e-5cbf68b3301f,minecraft:skeleton,true,Skeleton,[null]
-74.6162304312251,34.0,-205.6280646928719,11d18a03-d2bd-4c84-9be9-827b71199130,minecraft:creeper,true,Creeper,[null]
-74.04791947749135,34.0,-204.99477461031336,226069a0-eac3-4358-9098-a489d036323b,minecraft:creeper,true,Creeper,[null]
7.5,18.0,-55.5,75581ca0-c738-47b7-9c08-1ff24d89fe3b,minecraft:zombie,true,Zombie,[null]
-87.5,50.0,-149.5,eafb7b6f-2749-49f4-bb53-24e83072faf4,minecraft:skeleton,true,Skeleton,[null]
-86.5,50.0,-150.5,e6973776-32bd-4e98-9f1c-dbf79f4c16fe,minecraft:zombie,true,Zombie,[null]
44.5,13.0,-197.5,e3046d7c-12b3-47aa-a50b-0774f5fcf3a4,minecraft:creeper,true,Creeper,[null]
44.5,13.0,-198.5,60f524d5-9e45-4bb4-add9-130e74602a30,minecraft:skeleton,true,Skeleton,[null]
45.5,13.0,-197.5,3211e8e1-8243-4df2-a16e-54b940f82264,minecraft:skeleton,true,Skeleton,[null]
46.5,13.0,-202.5,37108153-7073-4e8d-8b47-3195e5a944ec,minecraft:spider,true,Spider,[null]
